--
-- PostgreSQL database dump
--

-- Dumped from database version 17.5
-- Dumped by pg_dump version 17.5

-- Started on 2026-03-22 17:48:17

SET statement_timeout = 0;
SET lock_timeout = 0;
SET idle_in_transaction_session_timeout = 0;
SET transaction_timeout = 0;
SET client_encoding = 'UTF8';
SET standard_conforming_strings = on;
SELECT pg_catalog.set_config('search_path', '', false);
SET check_function_bodies = false;
SET xmloption = content;
SET client_min_messages = warning;
SET row_security = off;

--
-- TOC entry 5 (class 2615 OID 2200)
-- Name: public; Type: SCHEMA; Schema: -; Owner: pg_database_owner
--

CREATE SCHEMA public;


ALTER SCHEMA public OWNER TO pg_database_owner;

--
-- TOC entry 4982 (class 0 OID 0)
-- Dependencies: 5
-- Name: SCHEMA public; Type: COMMENT; Schema: -; Owner: pg_database_owner
--

COMMENT ON SCHEMA public IS 'standard public schema';


SET default_tablespace = '';

SET default_table_access_method = heap;

--
-- TOC entry 221 (class 1259 OID 95895)
-- Name: activity_logs; Type: TABLE; Schema: public; Owner: postgres
--

CREATE TABLE public.activity_logs (
    id uuid DEFAULT gen_random_uuid() NOT NULL,
    user_id uuid NOT NULL,
    action text NOT NULL,
    entity_type text NOT NULL,
    entity_id uuid,
    created_at timestamp with time zone DEFAULT now() NOT NULL
);


ALTER TABLE public.activity_logs OWNER TO postgres;

--
-- TOC entry 219 (class 1259 OID 95852)
-- Name: appointments; Type: TABLE; Schema: public; Owner: postgres
--

CREATE TABLE public.appointments (
    id uuid DEFAULT gen_random_uuid() NOT NULL,
    customer_name text NOT NULL,
    customer_phone text NOT NULL,
    appointment_date date NOT NULL,
    appointment_time time without time zone NOT NULL,
    created_by uuid NOT NULL,
    status text DEFAULT 'pending'::text NOT NULL,
    created_at timestamp with time zone DEFAULT now() NOT NULL,
    updated_at timestamp with time zone DEFAULT now() NOT NULL,
    cancellation_reason text,
    created_by_name text,
    CONSTRAINT appointments_status_check CHECK ((status = ANY (ARRAY['pending'::text, 'completed'::text, 'cancelled'::text])))
);


ALTER TABLE public.appointments OWNER TO postgres;

--
-- TOC entry 220 (class 1259 OID 95872)
-- Name: completed_works; Type: TABLE; Schema: public; Owner: postgres
--

CREATE TABLE public.completed_works (
    id uuid DEFAULT gen_random_uuid() NOT NULL,
    appointment_id uuid NOT NULL,
    customer_name text NOT NULL,
    customer_phone text NOT NULL,
    products_used text,
    image_url text NOT NULL,
    uploaded_by uuid NOT NULL,
    created_at timestamp with time zone DEFAULT now() NOT NULL,
    name text DEFAULT ''::text NOT NULL,
    number text DEFAULT ''::text NOT NULL,
    cost text,
    amount numeric(10,2),
    discount numeric(10,2) DEFAULT 0,
    total numeric(10,2),
    description text,
    discount_percentage numeric(5,2) DEFAULT 0,
    discount_amount numeric(10,2) DEFAULT 0,
    uploaded_by_name text,
    CONSTRAINT chk_discount_amount_non_negative CHECK ((discount_amount >= (0)::numeric)),
    CONSTRAINT chk_discount_percentage_range CHECK (((discount_percentage >= (0)::numeric) AND (discount_percentage <= (100)::numeric))),
    CONSTRAINT chk_total_non_negative CHECK ((total >= (0)::numeric))
);


ALTER TABLE public.completed_works OWNER TO postgres;

--
-- TOC entry 222 (class 1259 OID 95911)
-- Name: refresh_tokens; Type: TABLE; Schema: public; Owner: postgres
--

CREATE TABLE public.refresh_tokens (
    id uuid DEFAULT gen_random_uuid() NOT NULL,
    user_id uuid NOT NULL,
    token_hash text NOT NULL,
    revoked_at timestamp with time zone,
    created_at timestamp with time zone DEFAULT now() NOT NULL,
    expires_at timestamp with time zone NOT NULL
);


ALTER TABLE public.refresh_tokens OWNER TO postgres;

--
-- TOC entry 223 (class 1259 OID 103999)
-- Name: staff_profiles; Type: TABLE; Schema: public; Owner: postgres
--

CREATE TABLE public.staff_profiles (
    id uuid DEFAULT gen_random_uuid() NOT NULL,
    name text NOT NULL,
    email text NOT NULL,
    phone text NOT NULL,
    role text DEFAULT 'staff'::text NOT NULL,
    is_active boolean DEFAULT true NOT NULL,
    created_by uuid NOT NULL,
    created_at timestamp with time zone DEFAULT now() NOT NULL,
    updated_at timestamp with time zone DEFAULT now() NOT NULL
);


ALTER TABLE public.staff_profiles OWNER TO postgres;

--
-- TOC entry 218 (class 1259 OID 95831)
-- Name: users; Type: TABLE; Schema: public; Owner: postgres
--

CREATE TABLE public.users (
    id uuid DEFAULT gen_random_uuid() NOT NULL,
    name text NOT NULL,
    email text NOT NULL,
    password text NOT NULL,
    role text NOT NULL,
    created_by uuid,
    is_active boolean DEFAULT true NOT NULL,
    created_at timestamp with time zone DEFAULT now() NOT NULL,
    updated_at timestamp with time zone DEFAULT now() NOT NULL,
    current_staff_id uuid,
    CONSTRAINT users_role_check CHECK ((role = ANY (ARRAY['admin'::text, 'staff'::text])))
);


ALTER TABLE public.users OWNER TO postgres;

--
-- TOC entry 4974 (class 0 OID 95895)
-- Dependencies: 221
-- Data for Name: activity_logs; Type: TABLE DATA; Schema: public; Owner: postgres
--

COPY public.activity_logs (id, user_id, action, entity_type, entity_id, created_at) FROM stdin;
289e6baa-50f7-476a-8b58-fb6a70c9051a	6c0e2c64-55f0-4d13-9bd4-e7becb605f0d	CREATE_STAFF	users	c1196cd0-8bc8-43e7-8d57-93bc5e190c44	2026-03-11 14:11:59.027926+05:30
382490f4-15ed-4998-953a-31328fd7233a	6c0e2c64-55f0-4d13-9bd4-e7becb605f0d	SOFT_DELETE_USER	users	c1196cd0-8bc8-43e7-8d57-93bc5e190c44	2026-03-11 14:13:29.487448+05:30
a9fa70c6-522f-42cf-84b0-a8805cdcff70	6c0e2c64-55f0-4d13-9bd4-e7becb605f0d	HARD_DELETE_USER	users	c1196cd0-8bc8-43e7-8d57-93bc5e190c44	2026-03-11 14:17:38.962782+05:30
05ef8a43-4aae-4f4e-80cc-7532411e1acd	6c0e2c64-55f0-4d13-9bd4-e7becb605f0d	CREATE_STAFF	users	2bb5846c-1a27-4bda-a485-9a81d425599b	2026-03-11 14:22:38.033219+05:30
f657b5e2-0ecf-48b8-97fb-02d97d1bfeb2	6c0e2c64-55f0-4d13-9bd4-e7becb605f0d	SOFT_DELETE_USER	users	2bb5846c-1a27-4bda-a485-9a81d425599b	2026-03-11 14:29:07.734158+05:30
aceadd41-90b2-4518-ae4c-b0b03b6ac0db	6c0e2c64-55f0-4d13-9bd4-e7becb605f0d	HARD_DELETE_USER	users	2bb5846c-1a27-4bda-a485-9a81d425599b	2026-03-11 14:29:10.972224+05:30
1a154689-5849-4b8b-91bd-cb3dc98ee6fb	6c0e2c64-55f0-4d13-9bd4-e7becb605f0d	CREATE_STAFF	users	0f321917-22ec-4d70-bac0-c7ebc6320b4f	2026-03-11 14:39:36.01434+05:30
d4e24999-ef1a-4f2a-8c8f-6577f2b1f8a8	6c0e2c64-55f0-4d13-9bd4-e7becb605f0d	CREATE_STAFF	users	52a2a064-fef1-4e08-b012-40bc8a13b50d	2026-03-11 15:25:03.875159+05:30
4b094859-9a47-497f-a9bb-b1b39c293cf2	52a2a064-fef1-4e08-b012-40bc8a13b50d	CREATE_APPOINTMENT	appointments	ce0e4d72-d3bc-4f45-bd50-8e64bfcd1e2f	2026-03-11 15:26:38.159024+05:30
e788cb26-c5de-4a99-bc65-c4339ab09f4e	52a2a064-fef1-4e08-b012-40bc8a13b50d	CANCEL_APPOINTMENT	appointments	ce0e4d72-d3bc-4f45-bd50-8e64bfcd1e2f	2026-03-11 15:41:48.647739+05:30
682dc2c9-462c-413c-9001-137d94181505	52a2a064-fef1-4e08-b012-40bc8a13b50d	CREATE_APPOINTMENT	appointments	2ec75c47-57ef-4329-844f-01092a799c72	2026-03-11 15:45:09.147361+05:30
8ec20ff8-d9a4-4903-ba49-b7e86f8bfcf0	52a2a064-fef1-4e08-b012-40bc8a13b50d	CANCEL_APPOINTMENT	appointments	2ec75c47-57ef-4329-844f-01092a799c72	2026-03-12 14:41:19.092438+05:30
ab7f02e2-ee49-497a-b008-cfa7ca3ba7d0	52a2a064-fef1-4e08-b012-40bc8a13b50d	CREATE_APPOINTMENT	appointments	e41e3b29-8154-45b5-9a40-05784e851dd6	2026-03-12 14:41:58.384381+05:30
5cf4fb70-6313-49a1-af5a-e157c8c586fb	52a2a064-fef1-4e08-b012-40bc8a13b50d	UPLOAD_COMPLETED_WORK	completed_works	6fc71ea7-09ca-4f19-bc79-e7a1da3b6136	2026-03-12 14:45:19.390055+05:30
05b3add4-fa79-447b-a948-87de05431a97	52a2a064-fef1-4e08-b012-40bc8a13b50d	CREATE_APPOINTMENT	appointments	f08a0d13-907e-4fda-8b8e-54f594def0fb	2026-03-12 15:02:05.149704+05:30
aa17c9b9-b757-407c-b1d5-6094a95e14c8	52a2a064-fef1-4e08-b012-40bc8a13b50d	CREATE_APPOINTMENT	appointments	fa3b9d5e-cfd5-41f0-94ab-36b34825a307	2026-03-12 15:13:33.428421+05:30
09b2858a-fb4d-4849-9e07-183b6eeda1c1	52a2a064-fef1-4e08-b012-40bc8a13b50d	CREATE_APPOINTMENT	appointments	61fba5e1-594e-46b2-966c-2d96dbb3dc68	2026-03-12 15:16:49.138314+05:30
25243214-1db4-4193-b798-e6a93e9ce50d	6c0e2c64-55f0-4d13-9bd4-e7becb605f0d	SOFT_DELETE_USER	users	0f321917-22ec-4d70-bac0-c7ebc6320b4f	2026-03-12 15:19:12.312828+05:30
0f886b10-dce8-42cf-91c8-e56786fd05dd	6c0e2c64-55f0-4d13-9bd4-e7becb605f0d	SOFT_DELETE_USER	users	52a2a064-fef1-4e08-b012-40bc8a13b50d	2026-03-12 15:19:17.394523+05:30
b01f9e5e-673e-4d2b-8023-d68db945b891	6c0e2c64-55f0-4d13-9bd4-e7becb605f0d	REACTIVATE_USER	users	52a2a064-fef1-4e08-b012-40bc8a13b50d	2026-03-12 15:20:04.090419+05:30
952966f2-dd99-41a0-911c-84e69e86893e	52a2a064-fef1-4e08-b012-40bc8a13b50d	CREATE_APPOINTMENT	appointments	98982d08-1b6b-4151-af22-b6841e6a23a1	2026-03-12 22:23:51.1287+05:30
67592b8c-07e9-4780-b26a-64c3603e67a5	52a2a064-fef1-4e08-b012-40bc8a13b50d	CANCEL_APPOINTMENT	appointments	61fba5e1-594e-46b2-966c-2d96dbb3dc68	2026-03-12 22:24:16.998462+05:30
b35d941f-5c6c-4573-bd85-7093d9848937	6c0e2c64-55f0-4d13-9bd4-e7becb605f0d	REACTIVATE_USER	users	0f321917-22ec-4d70-bac0-c7ebc6320b4f	2026-03-12 22:24:33.524313+05:30
5e3b5673-c68f-44d7-83e5-a6bb2f8ee2d9	6c0e2c64-55f0-4d13-9bd4-e7becb605f0d	SOFT_DELETE_USER	users	0f321917-22ec-4d70-bac0-c7ebc6320b4f	2026-03-12 22:24:35.443548+05:30
dc0607cd-da16-4a6b-a179-db011ea3bcc5	6c0e2c64-55f0-4d13-9bd4-e7becb605f0d	SOFT_DELETE_USER	users	52a2a064-fef1-4e08-b012-40bc8a13b50d	2026-03-12 22:44:13.339279+05:30
b594ec76-3d07-4ccd-985e-323bc453341f	6c0e2c64-55f0-4d13-9bd4-e7becb605f0d	REACTIVATE_USER	users	52a2a064-fef1-4e08-b012-40bc8a13b50d	2026-03-12 22:44:46.291219+05:30
67f9c1ec-ec69-448d-9a51-93714570f752	52a2a064-fef1-4e08-b012-40bc8a13b50d	UPLOAD_COMPLETED_WORK	completed_works	2dda0295-99a4-48aa-97db-92af6042b9fa	2026-03-12 22:59:46.079502+05:30
b294a2ce-429a-48bb-b68e-1ea1123c8e8a	6c0e2c64-55f0-4d13-9bd4-e7becb605f0d	REACTIVATE_USER	users	0f321917-22ec-4d70-bac0-c7ebc6320b4f	2026-03-13 00:54:54.660769+05:30
2bdd687b-74d2-42a7-abe1-cd4f997f93f0	52a2a064-fef1-4e08-b012-40bc8a13b50d	CREATE_APPOINTMENT	appointments	086219bd-ac4d-4495-917a-45bc20e3cf57	2026-03-13 00:55:59.203267+05:30
3424b649-3f43-4ca4-8b8c-c3d3fa1cd42b	52a2a064-fef1-4e08-b012-40bc8a13b50d	UPLOAD_COMPLETED_WORK	completed_works	8316102c-dab1-4143-8633-5d4fd492048a	2026-03-13 00:57:20.393918+05:30
12c52b2a-df70-4bae-8b74-39aec2214a1a	52a2a064-fef1-4e08-b012-40bc8a13b50d	CANCEL_APPOINTMENT	appointments	f08a0d13-907e-4fda-8b8e-54f594def0fb	2026-03-13 00:58:22.496282+05:30
0cf8bc60-b278-4309-b5d1-c6c26075c2e5	6c0e2c64-55f0-4d13-9bd4-e7becb605f0d	SOFT_DELETE_USER	users	52a2a064-fef1-4e08-b012-40bc8a13b50d	2026-03-17 02:38:02.819701+05:30
8cec7f00-ed7a-4c80-834c-2c55497ca07d	6c0e2c64-55f0-4d13-9bd4-e7becb605f0d	SOFT_DELETE_USER	users	0f321917-22ec-4d70-bac0-c7ebc6320b4f	2026-03-17 02:38:04.649497+05:30
124540f4-15c4-4b98-a6f4-2d0952bbdc10	6c0e2c64-55f0-4d13-9bd4-e7becb605f0d	CREATE_STAFF_PROFILE	staff_profiles	74cf19a5-390b-4b01-bfe7-e6009e30389c	2026-03-17 02:38:40.529563+05:30
345c1c54-d6e0-438b-95ac-0ac55c2b02cb	6c0e2c64-55f0-4d13-9bd4-e7becb605f0d	REACTIVATE_USER	users	52a2a064-fef1-4e08-b012-40bc8a13b50d	2026-03-17 02:39:34.087325+05:30
c64fed38-3585-4a5d-88d5-9d9b7461e8a6	6c0e2c64-55f0-4d13-9bd4-e7becb605f0d	DEACTIVATE_STAFF_PROFILE	staff_profiles	74cf19a5-390b-4b01-bfe7-e6009e30389c	2026-03-17 02:47:38.16533+05:30
8ac446d1-8294-4b85-bac2-42964ff60e2e	6c0e2c64-55f0-4d13-9bd4-e7becb605f0d	CREATE_STAFF_PROFILE	staff_profiles	fe4f29ba-504b-45df-b479-561e81377238	2026-03-17 02:50:45.513218+05:30
7d98d6c9-debd-4e68-8e84-f0df33cf1b70	6c0e2c64-55f0-4d13-9bd4-e7becb605f0d	CREATE_STAFF_PROFILE	staff_profiles	57232906-3a67-4a5e-acaa-71c715c20d23	2026-03-17 02:51:56.775409+05:30
dbc1071c-d73e-4da0-8285-48946a1849c8	52a2a064-fef1-4e08-b012-40bc8a13b50d	SWITCH_STAFF_PROFILE	staff_profiles	57232906-3a67-4a5e-acaa-71c715c20d23	2026-03-17 02:56:55.806764+05:30
4867e352-7fa1-44b1-8ffb-3d50707a8d14	52a2a064-fef1-4e08-b012-40bc8a13b50d	SWITCH_STAFF_PROFILE	staff_profiles	57232906-3a67-4a5e-acaa-71c715c20d23	2026-03-17 03:03:42.129367+05:30
ccc8f155-57ff-425c-956a-22b4532c4451	52a2a064-fef1-4e08-b012-40bc8a13b50d	CREATE_APPOINTMENT	appointments	a0ff9c9d-5c34-4cca-94e9-7ad172df1a21	2026-03-17 03:04:19.597495+05:30
b9e5631f-39d0-4c43-9cd9-c10cc21b05f9	52a2a064-fef1-4e08-b012-40bc8a13b50d	SWITCH_STAFF_PROFILE	staff_profiles	fe4f29ba-504b-45df-b479-561e81377238	2026-03-17 03:08:44.406122+05:30
f22aacc1-2c17-414a-af9c-d38c1a13a6b4	52a2a064-fef1-4e08-b012-40bc8a13b50d	UPLOAD_COMPLETED_WORK	completed_works	2ed248fa-e184-4166-93ac-a5a9f6b4cc13	2026-03-17 03:10:08.093718+05:30
bf210863-8685-4635-bd90-06357c352ee8	52a2a064-fef1-4e08-b012-40bc8a13b50d	UPLOAD_COMPLETED_WORK	completed_works	19ed94f8-af25-45bf-8f0c-b483a63121d1	2026-03-17 03:17:10.594818+05:30
8e35e540-d331-4505-9bda-bb7f99dc68c4	52a2a064-fef1-4e08-b012-40bc8a13b50d	SWITCH_STAFF_PROFILE	staff_profiles	57232906-3a67-4a5e-acaa-71c715c20d23	2026-03-17 23:56:20.166157+05:30
d9655272-f49b-4191-b959-9d7c0aa44a21	52a2a064-fef1-4e08-b012-40bc8a13b50d	CREATE_APPOINTMENT	appointments	dd861aab-23fd-4ef0-b20f-3fd2c92dcb28	2026-03-17 23:56:54.78239+05:30
0a4ced4f-d799-48ec-9c1c-db772a80e169	52a2a064-fef1-4e08-b012-40bc8a13b50d	UPLOAD_COMPLETED_WORK	completed_works	14909467-3b87-4ca7-9d4c-17e76b3e4a80	2026-03-17 23:58:18.605618+05:30
e10e88cf-ce24-48d2-9267-0db0e5e379cf	52a2a064-fef1-4e08-b012-40bc8a13b50d	SWITCH_STAFF_PROFILE	staff_profiles	fe4f29ba-504b-45df-b479-561e81377238	2026-03-18 00:05:06.470007+05:30
12bb7933-c02d-4991-9c33-4c21bfc39351	52a2a064-fef1-4e08-b012-40bc8a13b50d	CREATE_APPOINTMENT	appointments	7feb9b2f-9170-4a33-a528-204b02ba717a	2026-03-18 00:05:34.513015+05:30
2e7f7a5c-9daa-4b7f-8ffd-4cbd72f0207a	6c0e2c64-55f0-4d13-9bd4-e7becb605f0d	FORCE_DELETE_USER_CLEANUP	users	0f321917-22ec-4d70-bac0-c7ebc6320b4f	2026-03-18 00:47:52.258004+05:30
269a499d-03be-489b-9cb5-d2bb13c7713c	6c0e2c64-55f0-4d13-9bd4-e7becb605f0d	REACTIVATE_USER	users	0f321917-22ec-4d70-bac0-c7ebc6320b4f	2026-03-18 00:57:50.192477+05:30
9f406ac3-9bd0-4fe6-bd9f-6c8f4fe42251	6c0e2c64-55f0-4d13-9bd4-e7becb605f0d	SOFT_DELETE_USER	users	0f321917-22ec-4d70-bac0-c7ebc6320b4f	2026-03-18 00:57:53.211483+05:30
\.


--
-- TOC entry 4972 (class 0 OID 95852)
-- Dependencies: 219
-- Data for Name: appointments; Type: TABLE DATA; Schema: public; Owner: postgres
--

COPY public.appointments (id, customer_name, customer_phone, appointment_date, appointment_time, created_by, status, created_at, updated_at, cancellation_reason, created_by_name) FROM stdin;
\.


--
-- TOC entry 4973 (class 0 OID 95872)
-- Dependencies: 220
-- Data for Name: completed_works; Type: TABLE DATA; Schema: public; Owner: postgres
--

COPY public.completed_works (id, appointment_id, customer_name, customer_phone, products_used, image_url, uploaded_by, created_at, name, number, cost, amount, discount, total, description, discount_percentage, discount_amount, uploaded_by_name) FROM stdin;
\.


--
-- TOC entry 4975 (class 0 OID 95911)
-- Dependencies: 222
-- Data for Name: refresh_tokens; Type: TABLE DATA; Schema: public; Owner: postgres
--

COPY public.refresh_tokens (id, user_id, token_hash, revoked_at, created_at, expires_at) FROM stdin;
2eecb2fa-7e67-4f30-bb16-cf452cbc1678	6c0e2c64-55f0-4d13-9bd4-e7becb605f0d	3ef05296f43d4981cfeb36ad9b95409b431478586168f6e9f9b326b6dd166ed6	2026-03-11 14:12:28.682653+05:30	2026-03-11 14:10:02.42356+05:30	2026-03-18 14:10:02.422+05:30
7e8dd100-d639-4db5-959e-f608c6011eaf	6c0e2c64-55f0-4d13-9bd4-e7becb605f0d	2dab1ee3de7d980f90b7e2bb0a6354c050c79b7bf67b83c927a263ba60eb3a93	2026-03-11 14:12:49.286681+05:30	2026-03-11 14:12:28.730791+05:30	2026-03-18 14:12:28.729+05:30
d8da4d4e-3126-4e7b-972e-1b98144e96d9	6c0e2c64-55f0-4d13-9bd4-e7becb605f0d	9d68239620e041bf8e5719637fcefdca4a0a0f06293b4f7a7eea412185af1313	2026-03-11 14:12:50.647423+05:30	2026-03-11 14:12:49.290043+05:30	2026-03-18 14:12:49.289+05:30
ea5f5f4e-ca86-4c76-a01b-cedac5f57ad5	6c0e2c64-55f0-4d13-9bd4-e7becb605f0d	6f08dd909fd83efcc117f0506a5f146d370c2ffb54be71afb477b7d1cf105425	\N	2026-03-11 14:12:50.651082+05:30	2026-03-18 14:12:50.65+05:30
993a125b-e076-49b6-aa03-e28f7f61dc8a	6c0e2c64-55f0-4d13-9bd4-e7becb605f0d	e33b712e09c43230c2c2cfe70d1d4a69955a2c2c42154a5ece0a711a971106c9	2026-03-11 14:23:03.587457+05:30	2026-03-11 14:13:21.955906+05:30	2026-03-18 14:13:21.954+05:30
fb5121a5-6f82-41ca-ba83-4208c76b21e8	6c0e2c64-55f0-4d13-9bd4-e7becb605f0d	554f8fcce618d8d6c1aaca0ed737bde7e52eac476c8899297c5fa195c2092711	2026-03-11 14:23:05.742644+05:30	2026-03-11 14:23:03.592158+05:30	2026-03-18 14:23:03.591+05:30
cdefe17b-d9e2-4ca1-a01a-f71c52fb22f5	6c0e2c64-55f0-4d13-9bd4-e7becb605f0d	6c8dd471d04de371ff2fc6f91ff2b919e3e303a40393161fd50c2b5c75a3f085	2026-03-11 14:23:08.86066+05:30	2026-03-11 14:23:05.74588+05:30	2026-03-18 14:23:05.745+05:30
d89f9460-714e-44e6-a849-cd80de0f2958	6c0e2c64-55f0-4d13-9bd4-e7becb605f0d	8d655b6bfb465483216b25e0f8e17ca1a4eded563815625f23739445c2bd315c	2026-03-11 14:27:23.660395+05:30	2026-03-11 14:23:08.865481+05:30	2026-03-18 14:23:08.864+05:30
1e5ab68e-d00a-4cc1-9711-beaf46c7c832	6c0e2c64-55f0-4d13-9bd4-e7becb605f0d	bea79adf27cd6bf24a6eff4390f92fe430192e66aa4547fe4c665fc027a2f697	\N	2026-03-11 14:27:23.666102+05:30	2026-03-18 14:27:23.664+05:30
1b22d20b-597d-4bea-bc80-080709babbd1	6c0e2c64-55f0-4d13-9bd4-e7becb605f0d	5dea1b6242a066f6062fbd0a7350257fda2aa4b31895fcc834f1e4db4cf627fd	2026-03-11 14:32:16.367399+05:30	2026-03-11 14:29:02.410787+05:30	2026-03-18 14:29:02.41+05:30
e213f798-f6a4-4f7f-920a-6a05713776a0	52a2a064-fef1-4e08-b012-40bc8a13b50d	7515d14d478a6ed6e92c137ab9892b2f5b12abbf075d2d3223f50d8d76b87835	2026-03-11 15:41:56.224506+05:30	2026-03-11 15:41:12.454152+05:30	2026-03-18 15:41:12.453+05:30
6b9866d9-632f-41a1-850a-556ef8e7dce8	6c0e2c64-55f0-4d13-9bd4-e7becb605f0d	0181fa465c5e4f809a832d2d353c5b2b5b43b7c170adc650c5cec353e4547500	2026-03-11 14:38:04.506742+05:30	2026-03-11 14:32:16.372895+05:30	2026-03-18 14:32:16.371+05:30
6c1985b0-e9a7-4a33-a339-f0364f62174f	6c0e2c64-55f0-4d13-9bd4-e7becb605f0d	c6b83404e2b995005663b2f5d0629aeb800a80c148c4ee878ede85e01beb5460	\N	2026-03-11 14:38:04.613738+05:30	2026-03-18 14:38:04.611+05:30
4c8bbf04-211f-46f8-ad60-adf8d6f0cada	6c0e2c64-55f0-4d13-9bd4-e7becb605f0d	c6b83404e2b995005663b2f5d0629aeb800a80c148c4ee878ede85e01beb5460	\N	2026-03-11 14:38:04.611275+05:30	2026-03-18 14:38:04.608+05:30
e19c0a96-e5ce-4f22-a372-ea5e2548528b	6c0e2c64-55f0-4d13-9bd4-e7becb605f0d	54f10b27a2ada5381dcaa8cf64a04c8543b11d7df0f56fec7ab8ec3229741df2	\N	2026-03-11 14:38:37.393133+05:30	2026-03-18 14:38:37.391+05:30
930431d1-b285-440b-b4f4-61066503e8e6	6c0e2c64-55f0-4d13-9bd4-e7becb605f0d	7977d7b4d45f5e57d01a3dddea61e9fb120c6179305c0ce3bb4daf2b6f77e3f7	2026-03-11 14:53:12.956848+05:30	2026-03-11 14:49:37.682646+05:30	2026-03-18 14:49:37.681+05:30
b22b1f6e-8a33-4598-bd61-f4d7f0a6cdc5	6c0e2c64-55f0-4d13-9bd4-e7becb605f0d	b974ed40c849a11682986dc9d224eef66783127b01b01dc749f532492238be9d	2026-03-11 14:55:27.987942+05:30	2026-03-11 14:53:12.994952+05:30	2026-03-18 14:53:12.967+05:30
da024c02-b336-4724-ab8b-5fbd5a695f69	6c0e2c64-55f0-4d13-9bd4-e7becb605f0d	28fc612b52493b7d493fe7a08c0934570016641681cf7eb336978ea652315d37	\N	2026-03-11 14:55:28.014081+05:30	2026-03-18 14:55:28.012+05:30
dc69d0ee-3612-47e0-a07f-2f75b4365da2	6c0e2c64-55f0-4d13-9bd4-e7becb605f0d	f6aa81264ea1a95f7d3b1b0b64b7a57f4c1d4e28cb02dba6c6ab97f01ff47c43	2026-03-11 15:14:11.093645+05:30	2026-03-11 15:02:50.329262+05:30	2026-03-18 15:02:50.328+05:30
cec24507-0fdf-42c7-91b1-e9d276b2037a	6c0e2c64-55f0-4d13-9bd4-e7becb605f0d	9c8caf8dccc61a1cc65e1ada49e963342dc7ea9ed87c86d99179af8eb6ea987b	2026-03-11 15:18:37.321596+05:30	2026-03-11 15:18:33.530331+05:30	2026-03-18 15:18:33.5+05:30
879c8bfc-f69e-42ff-a4c0-11b75c0a452d	6c0e2c64-55f0-4d13-9bd4-e7becb605f0d	ed5246aa8bef397f380f7bd4b3e4a58ab03253d41659b0cfc80f269b02353493	2026-03-11 15:14:11.289242+05:30	2026-03-11 15:14:11.097494+05:30	2026-03-18 15:14:11.096+05:30
69be921a-cd5f-480e-8234-95e37598a608	6c0e2c64-55f0-4d13-9bd4-e7becb605f0d	ed5246aa8bef397f380f7bd4b3e4a58ab03253d41659b0cfc80f269b02353493	\N	2026-03-11 15:14:11.30556+05:30	2026-03-18 15:14:11.304+05:30
e9efcad0-2a3b-4486-8b79-35660c7ae153	6c0e2c64-55f0-4d13-9bd4-e7becb605f0d	55cc8bc9a43563a6234212aba1670cfc7ede37202cb831b2800cc957ed6e3620	\N	2026-03-11 15:18:37.324779+05:30	2026-03-18 15:18:37.323+05:30
0e472f15-0030-40be-a87a-eea37ef162ac	6c0e2c64-55f0-4d13-9bd4-e7becb605f0d	ed5246aa8bef397f380f7bd4b3e4a58ab03253d41659b0cfc80f269b02353493	2026-03-11 15:14:12.010047+05:30	2026-03-11 15:14:11.302093+05:30	2026-03-18 15:14:11.301+05:30
2381bff9-6a65-4996-a8e8-fe390913aaa7	6c0e2c64-55f0-4d13-9bd4-e7becb605f0d	15d06c03dff250ddfb7c63141b4b25fa2ef20c0b920be24c46adb5ad71d597fc	\N	2026-03-11 15:14:12.018719+05:30	2026-03-18 15:14:12.018+05:30
dfbe91ca-f2b5-4373-b29e-b17c1ad67bd9	6c0e2c64-55f0-4d13-9bd4-e7becb605f0d	55cc8bc9a43563a6234212aba1670cfc7ede37202cb831b2800cc957ed6e3620	\N	2026-03-11 15:18:37.328291+05:30	2026-03-18 15:18:37.327+05:30
3fcd2b35-b6f2-4b47-97dc-8b734858a16e	6c0e2c64-55f0-4d13-9bd4-e7becb605f0d	15d06c03dff250ddfb7c63141b4b25fa2ef20c0b920be24c46adb5ad71d597fc	2026-03-11 15:18:33.47164+05:30	2026-03-11 15:14:12.016133+05:30	2026-03-18 15:14:12.015+05:30
4808dc69-9e8f-40e1-b562-c02b87a75765	6c0e2c64-55f0-4d13-9bd4-e7becb605f0d	9c8caf8dccc61a1cc65e1ada49e963342dc7ea9ed87c86d99179af8eb6ea987b	\N	2026-03-11 15:18:33.532859+05:30	2026-03-18 15:18:33.532+05:30
76aab655-01d1-4731-8dc7-395ca9b8a24a	52a2a064-fef1-4e08-b012-40bc8a13b50d	da55d5520657639ef06e0c3d58cd37d5a954e05a26c961ccf102e56e5672b792	2026-03-11 15:41:12.448576+05:30	2026-03-11 15:26:04.453811+05:30	2026-03-18 15:26:04.453+05:30
2431e3a3-93fe-4f7c-89a8-94fc1f4c0b28	52a2a064-fef1-4e08-b012-40bc8a13b50d	d55ff95df8eebd2e94ba3eee6370015c9abeb5ea8eabee6194bf791ca6d9456f	2026-03-11 15:41:58.972294+05:30	2026-03-11 15:41:56.228158+05:30	2026-03-18 15:41:56.227+05:30
aad31f6c-5126-4cfa-8e0e-f1b2cfec534a	52a2a064-fef1-4e08-b012-40bc8a13b50d	8557b21bcfdcb8df623f6ef1a0f8260a84d103a7198602d95d1cd52a020f4f0d	\N	2026-03-11 15:41:58.982229+05:30	2026-03-18 15:41:58.981+05:30
86c6a601-f9a6-4451-905f-160b1ab08fe1	6c0e2c64-55f0-4d13-9bd4-e7becb605f0d	ced15a5b9aeb83395b5f897b75817c0594cb42961edf1c7f6ea569b79eb18636	2026-03-11 15:52:30.633641+05:30	2026-03-11 15:49:34.161181+05:30	2026-03-18 15:49:34.16+05:30
d29e3ea0-48dd-4a73-86fa-1fe8592cad3d	6c0e2c64-55f0-4d13-9bd4-e7becb605f0d	68719f24addc8f08d1709eaa29c4d23e05f2ccc1135c3b62e827592090ac055e	2026-03-11 15:49:09.784969+05:30	2026-03-11 15:42:20.842932+05:30	2026-03-18 15:42:20.842+05:30
b99be090-4efb-40ee-af89-4757f27113c6	6c0e2c64-55f0-4d13-9bd4-e7becb605f0d	b17016757626248bd8a55b2dbb253d4224aa2d147b4859edf379d85a6b6293e3	2026-03-11 15:49:09.874068+05:30	2026-03-11 15:49:09.799518+05:30	2026-03-18 15:49:09.798+05:30
5adf3345-208c-4a73-82a0-92c1517c54cd	6c0e2c64-55f0-4d13-9bd4-e7becb605f0d	b17016757626248bd8a55b2dbb253d4224aa2d147b4859edf379d85a6b6293e3	\N	2026-03-11 15:49:09.877989+05:30	2026-03-18 15:49:09.876+05:30
33472e17-9041-44b4-b427-e23a56a396a3	6c0e2c64-55f0-4d13-9bd4-e7becb605f0d	b17016757626248bd8a55b2dbb253d4224aa2d147b4859edf379d85a6b6293e3	\N	2026-03-11 15:49:09.880914+05:30	2026-03-18 15:49:09.879+05:30
d652af0c-3c9d-4f92-b26c-338b16786f34	6c0e2c64-55f0-4d13-9bd4-e7becb605f0d	b17016757626248bd8a55b2dbb253d4224aa2d147b4859edf379d85a6b6293e3	2026-03-11 15:49:34.033367+05:30	2026-03-11 15:49:09.815652+05:30	2026-03-18 15:49:09.814+05:30
83885885-149b-41d8-8727-6001783b1bda	6c0e2c64-55f0-4d13-9bd4-e7becb605f0d	24b9aad06ef0668087b0089ffcb5ef4c029ee185c94734fce875c416ba38cc4c	\N	2026-03-11 15:52:30.638669+05:30	2026-03-18 15:52:30.637+05:30
0b494b28-e23a-47ca-913f-962162cdacc7	6c0e2c64-55f0-4d13-9bd4-e7becb605f0d	ced15a5b9aeb83395b5f897b75817c0594cb42961edf1c7f6ea569b79eb18636	2026-03-11 15:52:30.63913+05:30	2026-03-11 15:49:34.163917+05:30	2026-03-18 15:49:34.163+05:30
74b130f6-d3a8-4adf-b6bf-aad6eea46fe4	6c0e2c64-55f0-4d13-9bd4-e7becb605f0d	24b9aad06ef0668087b0089ffcb5ef4c029ee185c94734fce875c416ba38cc4c	\N	2026-03-11 15:52:30.716273+05:30	2026-03-18 15:52:30.715+05:30
f3a4ebad-f5f5-4c9b-a9fd-4cc6b9933c0e	52a2a064-fef1-4e08-b012-40bc8a13b50d	e29e3a0cb0e8a64d4780882070e76ab77c7e1e90bd0d610afdef25f9b7c8e13c	2026-03-12 14:42:35.72806+05:30	2026-03-12 14:42:35.012154+05:30	2026-03-19 14:42:35.01+05:30
e5487be1-2ca5-4d24-b44a-2bfc71d9271d	6c0e2c64-55f0-4d13-9bd4-e7becb605f0d	bd0526ce6dd557c52658e90c650ccaf640c399cbf82fcf0920577992fc5a48f5	2026-03-11 15:54:18.150169+05:30	2026-03-11 15:52:56.970537+05:30	2026-03-18 15:52:56.969+05:30
442474b4-16b5-44c9-827d-f2dd2719790b	6c0e2c64-55f0-4d13-9bd4-e7becb605f0d	0114e5f3d153bd41d07ae334514a9610e32fc9ddf419d9209dd8d1e8fefd1546	\N	2026-03-11 15:54:18.238497+05:30	2026-03-18 15:54:18.237+05:30
d121c0e1-2aaa-4ab8-8b7f-3ceeb38655f2	6c0e2c64-55f0-4d13-9bd4-e7becb605f0d	0114e5f3d153bd41d07ae334514a9610e32fc9ddf419d9209dd8d1e8fefd1546	2026-03-11 15:54:28.641349+05:30	2026-03-11 15:54:18.219868+05:30	2026-03-18 15:54:18.217+05:30
476a09d9-249f-4a35-a782-31adbd317217	6c0e2c64-55f0-4d13-9bd4-e7becb605f0d	6ef76604b467c74a3f4484e8556ea72165eb7da340123a79567c840e1140ff25	\N	2026-03-11 15:54:28.647148+05:30	2026-03-18 15:54:28.645+05:30
ba296f8a-c569-4ea3-9fb0-f02e7fdd963b	6c0e2c64-55f0-4d13-9bd4-e7becb605f0d	6ef76604b467c74a3f4484e8556ea72165eb7da340123a79567c840e1140ff25	2026-03-11 16:13:22.709866+05:30	2026-03-11 15:54:28.644815+05:30	2026-03-18 15:54:28.643+05:30
45bf16af-dc4f-4bb2-927b-ebc5b68406ef	6c0e2c64-55f0-4d13-9bd4-e7becb605f0d	f5bcd1b3878263ae9677f0327a257ae0ac555b2c94f465e86d8f17668532df67	\N	2026-03-11 16:13:22.719119+05:30	2026-03-18 16:13:22.717+05:30
8c47787a-4ee5-43eb-a994-4425fff15653	6c0e2c64-55f0-4d13-9bd4-e7becb605f0d	f5bcd1b3878263ae9677f0327a257ae0ac555b2c94f465e86d8f17668532df67	\N	2026-03-11 16:13:22.721662+05:30	2026-03-18 16:13:22.72+05:30
94516d49-8069-42ff-b535-34afdeda6a0a	52a2a064-fef1-4e08-b012-40bc8a13b50d	9157e03242a833c57b40d55ef0edfe4164cb8b40c6a05f8e625459ae7bf4811d	2026-03-11 16:14:01.378875+05:30	2026-03-11 16:13:57.275664+05:30	2026-03-18 16:13:57.274+05:30
a2b20216-a2de-4754-96a9-01fc108bbbe6	52a2a064-fef1-4e08-b012-40bc8a13b50d	ef8d6154764ce2b2a27587c0b97dfe317368536e11f0f1a987ea9a482fad1c32	2026-03-11 16:14:25.628146+05:30	2026-03-11 16:14:01.385055+05:30	2026-03-18 16:14:01.384+05:30
4ba6a3f6-f55a-4b82-b92d-02d451a16641	52a2a064-fef1-4e08-b012-40bc8a13b50d	a51f71c54fe99f62c2aead048bfa2993200cce32c02d7b1d38d7bd4c2e33ab5a	\N	2026-03-11 16:14:25.645607+05:30	2026-03-18 16:14:25.644+05:30
322b748d-5676-4d8c-82d8-0fbd035dd4c9	52a2a064-fef1-4e08-b012-40bc8a13b50d	6da86ae5d06d02b108de24449a722d11b8571737871a7947468de43d139d3a9e	2026-03-11 16:17:33.582309+05:30	2026-03-11 16:14:32.583921+05:30	2026-03-18 16:14:32.583+05:30
1c433f35-de30-4410-be07-21cbf6fc1aa5	52a2a064-fef1-4e08-b012-40bc8a13b50d	04da7e7f771bf124cfbbc05ab6d0a69316dd57653b067901d007db526649437e	\N	2026-03-11 16:17:33.621444+05:30	2026-03-18 16:17:33.619+05:30
c679ecbd-3ff8-4402-9e6b-f39012535a72	52a2a064-fef1-4e08-b012-40bc8a13b50d	e29e3a0cb0e8a64d4780882070e76ab77c7e1e90bd0d610afdef25f9b7c8e13c	2026-03-12 14:43:16.938362+05:30	2026-03-12 14:42:35.734232+05:30	2026-03-19 14:42:35.732+05:30
3a8005e5-bba1-4e51-ab4e-9537883c4c1b	52a2a064-fef1-4e08-b012-40bc8a13b50d	1cfc47f1455174c9b81197b1869957a9718d2007b04f4a6276f0099043562fa3	2026-03-11 16:17:56.922978+05:30	2026-03-11 16:17:54.8001+05:30	2026-03-18 16:17:54.799+05:30
3758de31-8f6a-4322-a28d-83ff7aa0273e	52a2a064-fef1-4e08-b012-40bc8a13b50d	fb3d4daf6dd61438b674ee1e372cf690d31431b11a142b21dc30919d995d0b04	\N	2026-03-11 16:17:56.969914+05:30	2026-03-18 16:17:56.968+05:30
56f6a2f1-d7cb-4666-87a3-b1df80a35ad4	52a2a064-fef1-4e08-b012-40bc8a13b50d	fb3d4daf6dd61438b674ee1e372cf690d31431b11a142b21dc30919d995d0b04	2026-03-11 16:17:58.974235+05:30	2026-03-11 16:17:56.944715+05:30	2026-03-18 16:17:56.943+05:30
4ae89230-d450-41eb-9326-0ca8e7904c11	52a2a064-fef1-4e08-b012-40bc8a13b50d	c09fbe78eb966b76e5190b7d68f574eeff7250b198f0fc49fbb88a612ce927f8	\N	2026-03-11 16:17:58.97951+05:30	2026-03-18 16:17:58.978+05:30
4edf3f07-517c-4111-9fcc-dc51f4d05287	52a2a064-fef1-4e08-b012-40bc8a13b50d	e29e3a0cb0e8a64d4780882070e76ab77c7e1e90bd0d610afdef25f9b7c8e13c	2026-03-12 14:43:17.23482+05:30	2026-03-12 14:42:35.73124+05:30	2026-03-19 14:42:35.729+05:30
1cfba2b3-26c6-4abe-98cd-0ebd4d8c4b5d	52a2a064-fef1-4e08-b012-40bc8a13b50d	c09fbe78eb966b76e5190b7d68f574eeff7250b198f0fc49fbb88a612ce927f8	2026-03-12 14:39:18.647607+05:30	2026-03-11 16:17:58.977259+05:30	2026-03-18 16:17:58.976+05:30
e4d046bf-2b43-4f6b-a26d-785bbb062f16	52a2a064-fef1-4e08-b012-40bc8a13b50d	153316213f51e0fcf7eecb00604c02b3bd212f40c46db568b334f0d0ed1c3ce9	2026-03-12 14:42:31.693426+05:30	2026-03-12 14:39:18.888836+05:30	2026-03-19 14:39:18.887+05:30
2ee2709d-c9a6-42d5-9e25-377397cb1dc5	52a2a064-fef1-4e08-b012-40bc8a13b50d	153316213f51e0fcf7eecb00604c02b3bd212f40c46db568b334f0d0ed1c3ce9	2026-03-12 14:42:31.844613+05:30	2026-03-12 14:39:18.891276+05:30	2026-03-19 14:39:18.89+05:30
9391c9c2-a114-4a9c-881b-eb68fd41a064	52a2a064-fef1-4e08-b012-40bc8a13b50d	19353a85051ef56a272e309c3f38ee715204c18f73bffeb2274cc1a30156c725	\N	2026-03-12 14:42:31.883705+05:30	2026-03-19 14:42:31.882+05:30
fe042c8f-d841-4ff2-9a39-604f9c3a5e19	52a2a064-fef1-4e08-b012-40bc8a13b50d	19353a85051ef56a272e309c3f38ee715204c18f73bffeb2274cc1a30156c725	2026-03-12 14:42:34.111312+05:30	2026-03-12 14:42:31.71596+05:30	2026-03-19 14:42:31.714+05:30
c0fe9ee6-1329-4f85-b385-8abd6fa1f94b	52a2a064-fef1-4e08-b012-40bc8a13b50d	bca78862ec8ea17a61190c0452c61a4659a5361bea0f58bbb55d6351d502a200	\N	2026-03-12 14:42:34.184784+05:30	2026-03-19 14:42:34.183+05:30
92115edc-d7ea-4c44-826d-c749aab693d5	52a2a064-fef1-4e08-b012-40bc8a13b50d	bc3bdb7c91b401a20a5f5567f39351857f1162a34bf49e7f0f52d4a7e870140e	2026-03-12 14:45:36.053928+05:30	2026-03-12 14:43:17.159924+05:30	2026-03-19 14:43:17.159+05:30
d3006b35-4062-476a-8034-057ab231987f	52a2a064-fef1-4e08-b012-40bc8a13b50d	bca78862ec8ea17a61190c0452c61a4659a5361bea0f58bbb55d6351d502a200	\N	2026-03-12 14:42:34.979551+05:30	2026-03-19 14:42:34.978+05:30
03aa53dc-41fe-4e58-a9bd-edfde092fd87	52a2a064-fef1-4e08-b012-40bc8a13b50d	bca78862ec8ea17a61190c0452c61a4659a5361bea0f58bbb55d6351d502a200	2026-03-12 14:42:34.976724+05:30	2026-03-12 14:42:34.155694+05:30	2026-03-19 14:42:34.154+05:30
cea29c41-3f6d-4365-aec7-8b168f146f35	52a2a064-fef1-4e08-b012-40bc8a13b50d	9e46f6851f877c0edfe76f4719cde8cf5c6300ac05e91a1f1d5ca6cd135f2e51	2026-03-12 15:08:58.897279+05:30	2026-03-12 15:07:05.934992+05:30	2026-03-19 15:07:05.934+05:30
b71207c3-8268-40a9-8b82-fa7b6cd415c5	52a2a064-fef1-4e08-b012-40bc8a13b50d	bc3bdb7c91b401a20a5f5567f39351857f1162a34bf49e7f0f52d4a7e870140e	2026-03-12 14:45:36.850718+05:30	2026-03-12 14:43:17.242842+05:30	2026-03-19 14:43:17.242+05:30
39b50474-ba78-46fb-b5ee-5d87f1434171	52a2a064-fef1-4e08-b012-40bc8a13b50d	ab40e1a80444277b247d613fd38887041df0159ae8e4541fdf0e77ffe5835ebd	\N	2026-03-12 14:45:36.879372+05:30	2026-03-19 14:45:36.878+05:30
6f6e0412-103e-4ad1-bf4d-e90ea3dc2b5e	52a2a064-fef1-4e08-b012-40bc8a13b50d	439f9e393711780ed2cdae320a95d1b3d0b461e9a5ed7ecdb6e91ab345ce3e52	2026-03-12 15:07:03.813101+05:30	2026-03-12 15:01:38.038197+05:30	2026-03-19 15:01:38.037+05:30
145fa90c-7357-477e-80ab-93108d8b0a0f	52a2a064-fef1-4e08-b012-40bc8a13b50d	735792f3cb898deb9c92244ea52436673f2e3a9907b1e18160e16209d42e9075	\N	2026-03-12 14:45:49.836823+05:30	2026-03-19 14:45:49.836+05:30
4c85244a-5d18-4e56-9ba2-f8f34210be28	52a2a064-fef1-4e08-b012-40bc8a13b50d	ab40e1a80444277b247d613fd38887041df0159ae8e4541fdf0e77ffe5835ebd	2026-03-12 14:45:49.825814+05:30	2026-03-12 14:45:36.281381+05:30	2026-03-19 14:45:36.28+05:30
e006994c-efd1-4a3d-97cd-aa1bccd9d6e3	52a2a064-fef1-4e08-b012-40bc8a13b50d	735792f3cb898deb9c92244ea52436673f2e3a9907b1e18160e16209d42e9075	\N	2026-03-12 14:45:49.895996+05:30	2026-03-19 14:45:49.895+05:30
cb3aac6b-2f3a-480e-9353-784d365d05bf	6c0e2c64-55f0-4d13-9bd4-e7becb605f0d	a22ce8138187df6f28a813d79f859aa3e6e5af1c573f43041178d0672c8c671d	2026-03-12 15:00:59.255712+05:30	2026-03-12 14:48:00.982388+05:30	2026-03-19 14:48:00.981+05:30
b6064361-b21b-4c16-8906-4d79c62882d4	6c0e2c64-55f0-4d13-9bd4-e7becb605f0d	4d64485650c13b31d4fa7be2b9d383af6f4feec3082305e7a8385bdf6ec6a7b9	2026-03-12 15:01:15.823909+05:30	2026-03-12 15:00:59.522484+05:30	2026-03-19 15:00:59.52+05:30
fe3ccafc-8c02-4283-8421-9389bb8ae768	6c0e2c64-55f0-4d13-9bd4-e7becb605f0d	6cf1102a2377bada05053ea0b69ec040e5cf37fdf2f876b4bb031a9c4d1a5e93	\N	2026-03-12 15:01:15.833242+05:30	2026-03-19 15:01:15.832+05:30
f9edb17b-d7eb-4771-b063-9d7d434f8b8d	6c0e2c64-55f0-4d13-9bd4-e7becb605f0d	6cf1102a2377bada05053ea0b69ec040e5cf37fdf2f876b4bb031a9c4d1a5e93	\N	2026-03-12 15:01:15.837181+05:30	2026-03-19 15:01:15.836+05:30
0177f73f-c7ed-46f6-97cc-0ab7d27d91bd	52a2a064-fef1-4e08-b012-40bc8a13b50d	45458c7a0c52393829068a7a6604689302a8028a5f4d42dd97e9589433d4abc6	\N	2026-03-12 15:07:03.833409+05:30	2026-03-19 15:07:03.832+05:30
2036c96f-21e2-4097-bdb8-57d1723fe5e9	52a2a064-fef1-4e08-b012-40bc8a13b50d	45458c7a0c52393829068a7a6604689302a8028a5f4d42dd97e9589433d4abc6	2026-03-12 15:07:05.930702+05:30	2026-03-12 15:07:03.830776+05:30	2026-03-19 15:07:03.829+05:30
ffd0d2ed-bb94-4bc0-9227-f23bf00afb0c	52a2a064-fef1-4e08-b012-40bc8a13b50d	9e46f6851f877c0edfe76f4719cde8cf5c6300ac05e91a1f1d5ca6cd135f2e51	2026-03-12 15:08:58.971257+05:30	2026-03-12 15:07:05.938719+05:30	2026-03-19 15:07:05.937+05:30
a4989dfe-4b7a-4314-8f33-7aa620f755ee	52a2a064-fef1-4e08-b012-40bc8a13b50d	eea58827a54480a42f6030879c12a8d75dd98f151357f8f2d1900ba209f79ab4	2026-03-12 15:10:20.760554+05:30	2026-03-12 15:08:58.903494+05:30	2026-03-19 15:08:58.902+05:30
d64d0d30-c43f-4dfd-a1f7-9d1f110a18d0	52a2a064-fef1-4e08-b012-40bc8a13b50d	eea58827a54480a42f6030879c12a8d75dd98f151357f8f2d1900ba209f79ab4	2026-03-12 15:10:20.764145+05:30	2026-03-12 15:08:58.991353+05:30	2026-03-19 15:08:58.99+05:30
ad4e0afb-d866-4d1b-b856-f3944a5b149c	52a2a064-fef1-4e08-b012-40bc8a13b50d	e11be6b503bf3c6bbe04d7f6b408a6775d22f00897e6c920ff9e02c3ac84e600	2026-03-12 15:13:05.475653+05:30	2026-03-12 15:10:20.763943+05:30	2026-03-19 15:10:20.762+05:30
37b343dc-dc74-46a1-964f-f63f91ebb50b	52a2a064-fef1-4e08-b012-40bc8a13b50d	e11be6b503bf3c6bbe04d7f6b408a6775d22f00897e6c920ff9e02c3ac84e600	2026-03-12 15:13:05.534489+05:30	2026-03-12 15:10:20.771105+05:30	2026-03-19 15:10:20.769+05:30
c1a8b691-e374-45e0-9aad-f006c5acc8c3	52a2a064-fef1-4e08-b012-40bc8a13b50d	e95aef3288fd56b1401b658826981f10cd4f57d0b131c1d87552e46530793025	2026-03-12 15:17:22.180606+05:30	2026-03-12 15:13:05.507279+05:30	2026-03-19 15:13:05.506+05:30
23b46c1a-1ebf-49f3-bcb1-1b8b2d053055	52a2a064-fef1-4e08-b012-40bc8a13b50d	2ca2a5d37afef59f188f7e42923cb6330100087116e5db27a2c2c08830bd0d8c	\N	2026-03-12 15:17:22.366397+05:30	2026-03-19 15:17:22.365+05:30
833abd73-af9c-4823-bc7c-3fa739cbcce5	52a2a064-fef1-4e08-b012-40bc8a13b50d	e95aef3288fd56b1401b658826981f10cd4f57d0b131c1d87552e46530793025	2026-03-12 15:17:22.500549+05:30	2026-03-12 15:13:05.538441+05:30	2026-03-19 15:13:05.538+05:30
82f8f129-8fad-4707-8693-7565b0688c23	52a2a064-fef1-4e08-b012-40bc8a13b50d	2ca2a5d37afef59f188f7e42923cb6330100087116e5db27a2c2c08830bd0d8c	\N	2026-03-12 15:17:22.508517+05:30	2026-03-19 15:17:22.507+05:30
1cb85421-6a29-4518-b0ef-f3225fa122f2	6c0e2c64-55f0-4d13-9bd4-e7becb605f0d	54a7bc597141a3f830c20c59d173ca2852a40edb8f4997233c4d95f3d72fdc24	2026-03-12 15:19:21.562869+05:30	2026-03-12 15:18:11.435163+05:30	2026-03-19 15:18:11.434+05:30
c3bf0fe8-fdf7-4dbf-976b-1a882cb8596d	6c0e2c64-55f0-4d13-9bd4-e7becb605f0d	1d910256969d5975b6ca3b3c4d263bbd850c810bcbf3d449f3764a92225dd632	2026-03-12 15:19:34.281989+05:30	2026-03-12 15:19:21.569489+05:30	2026-03-19 15:19:21.568+05:30
5895de94-2170-43a8-8a04-4078ca02ebff	6c0e2c64-55f0-4d13-9bd4-e7becb605f0d	64689c86edec39e9bff1cd45d98cb3fd7ae46a1a2892528fd02fc6b9517981ee	2026-03-12 15:19:48.981882+05:30	2026-03-12 15:19:34.286752+05:30	2026-03-19 15:19:34.286+05:30
b48cedb2-be05-41b3-b91d-df4ec34f053f	6c0e2c64-55f0-4d13-9bd4-e7becb605f0d	ae906aa354c435367a9d434c9d06f8292a5ce184efe48f59278ccc23663deb9a	2026-03-12 15:19:50.080868+05:30	2026-03-12 15:19:48.991583+05:30	2026-03-19 15:19:48.991+05:30
da5c2155-a63c-4f73-a4aa-5b442534a14c	6c0e2c64-55f0-4d13-9bd4-e7becb605f0d	529d80d791f84140f8c785a4c2b5d73946c91576dfdb6dd5d9014fdac320e3ee	2026-03-12 15:19:50.645623+05:30	2026-03-12 15:19:50.087834+05:30	2026-03-19 15:19:50.087+05:30
2591addd-6068-4654-8d77-7685090e7a41	6c0e2c64-55f0-4d13-9bd4-e7becb605f0d	529d80d791f84140f8c785a4c2b5d73946c91576dfdb6dd5d9014fdac320e3ee	2026-03-12 15:19:51.020786+05:30	2026-03-12 15:19:50.64939+05:30	2026-03-19 15:19:50.648+05:30
cee785fa-bb1d-4762-80af-c87f0953d526	6c0e2c64-55f0-4d13-9bd4-e7becb605f0d	124188729a1522c68f4736842e4dc540b034f993f7e8e7112dbe54e6b8f725b6	2026-03-12 15:19:51.388446+05:30	2026-03-12 15:19:51.023963+05:30	2026-03-19 15:19:51.023+05:30
9b2f920a-25d4-465e-9999-04685f8ee6af	6c0e2c64-55f0-4d13-9bd4-e7becb605f0d	124188729a1522c68f4736842e4dc540b034f993f7e8e7112dbe54e6b8f725b6	2026-03-12 15:19:51.574881+05:30	2026-03-12 15:19:51.399396+05:30	2026-03-19 15:19:51.398+05:30
49e83192-f630-4086-9482-639320dac577	6c0e2c64-55f0-4d13-9bd4-e7becb605f0d	124188729a1522c68f4736842e4dc540b034f993f7e8e7112dbe54e6b8f725b6	2026-03-12 15:19:51.757492+05:30	2026-03-12 15:19:51.686089+05:30	2026-03-19 15:19:51.685+05:30
7ca5c539-2850-44c3-9139-5ac4925d4d7a	6c0e2c64-55f0-4d13-9bd4-e7becb605f0d	124188729a1522c68f4736842e4dc540b034f993f7e8e7112dbe54e6b8f725b6	2026-03-12 15:19:51.940809+05:30	2026-03-12 15:19:51.764033+05:30	2026-03-19 15:19:51.763+05:30
4f066642-7f40-4813-9e97-80ad5afeacca	6c0e2c64-55f0-4d13-9bd4-e7becb605f0d	124188729a1522c68f4736842e4dc540b034f993f7e8e7112dbe54e6b8f725b6	\N	2026-03-12 15:19:51.94392+05:30	2026-03-19 15:19:51.943+05:30
988081e4-7d95-499b-859d-d0c2abe52c8a	52a2a064-fef1-4e08-b012-40bc8a13b50d	c6758485da9d7588d8f81ecc7c0bfb4c25fbd3c9416b4c1f74fdac1755f01521	\N	2026-03-12 15:20:11.35038+05:30	2026-03-19 15:20:11.349+05:30
c52b906e-9e92-4df1-9a4f-45bb34420862	6c0e2c64-55f0-4d13-9bd4-e7becb605f0d	6d9bda14b2dca558741bd5c7b7fed85737b8fa8379553157f0c0f62dc557fe96	2026-03-12 22:44:41.276002+05:30	2026-03-12 22:44:40.879191+05:30	2026-03-19 22:44:40.879+05:30
add1f2e3-5957-4735-8caf-a6e33a3072d2	6c0e2c64-55f0-4d13-9bd4-e7becb605f0d	e9a8d4a8be08d41bff3d96c12901c2c8b16e2453d2fb7208040bdce098bd390c	2026-03-12 22:21:58.509+05:30	2026-03-12 22:21:53.390235+05:30	2026-03-19 22:21:53.388+05:30
9ad35614-50cc-4fc1-ad80-da904558ae58	6c0e2c64-55f0-4d13-9bd4-e7becb605f0d	421f4529ad95e59d99a08bf08292b3647b2ecc5367c5089033d1ed713a447aeb	\N	2026-03-12 22:21:58.842074+05:30	2026-03-19 22:21:58.84+05:30
64b37c5b-bdb7-4f5c-a9b9-481895e47f40	6c0e2c64-55f0-4d13-9bd4-e7becb605f0d	421f4529ad95e59d99a08bf08292b3647b2ecc5367c5089033d1ed713a447aeb	2026-03-12 22:22:17.118592+05:30	2026-03-12 22:21:58.760216+05:30	2026-03-19 22:21:58.758+05:30
91dc51eb-c7d2-496b-9601-f1bcbc06ae4e	6c0e2c64-55f0-4d13-9bd4-e7becb605f0d	45f41fca12ce6df6e598269e75a5b85105d02c75d50a0a6c117987fe0f3d3edd	2026-03-12 22:22:27.407781+05:30	2026-03-12 22:22:17.121753+05:30	2026-03-19 22:22:17.12+05:30
e4defa2c-53f6-4e80-9ae2-6fc523f66384	6c0e2c64-55f0-4d13-9bd4-e7becb605f0d	823e15961449b306ff3bdb6469bed35ebcaeafc56a51681f02fab2caaac03c3c	\N	2026-03-12 22:22:27.410946+05:30	2026-03-19 22:22:27.409+05:30
8a934fca-7100-4178-a8aa-5cdc209d0a54	52a2a064-fef1-4e08-b012-40bc8a13b50d	4b402acee53a271bbaa6685bec1f277fccb219713c8386a0dfa34d6b63f7e080	2026-03-12 22:43:32.982436+05:30	2026-03-12 22:22:43.714998+05:30	2026-03-19 22:22:43.713+05:30
32cbede5-48f6-4e5a-b882-866d138527c7	52a2a064-fef1-4e08-b012-40bc8a13b50d	0ae3289f0d2d25ee04aa7963c916241c05846d112e8d67a3ff3b3196ae8df12a	2026-03-12 22:43:44.911497+05:30	2026-03-12 22:43:32.986139+05:30	2026-03-19 22:43:32.985+05:30
8370f169-1a26-4a4d-95d5-18b7abe0dc5d	52a2a064-fef1-4e08-b012-40bc8a13b50d	c134e94573e972b4e509848e130ebda51129d50e90b3aa5ffacd60d78e2cf790	\N	2026-03-12 22:43:44.916669+05:30	2026-03-19 22:43:44.918+05:30
58bc587b-ac0d-480d-bec6-fe67fab64080	6c0e2c64-55f0-4d13-9bd4-e7becb605f0d	ea78aa778d89fc2ce31fddfde8a65c7f82ab0f84c91e5bed663ca8bbaf118db0	2026-03-12 22:44:20.971205+05:30	2026-03-12 22:44:00.948505+05:30	2026-03-19 22:44:00.954+05:30
a349e121-5bc6-45e5-ad87-b32697438c60	6c0e2c64-55f0-4d13-9bd4-e7becb605f0d	83f14fc9c28817491e5aa6369e982d3e15c2d1176ea929c345583b74047c3907	2026-03-12 22:44:37.409759+05:30	2026-03-12 22:44:20.975697+05:30	2026-03-19 22:44:20.985+05:30
2df7a47a-9b7d-46b7-9b8e-6730f8d2d90d	6c0e2c64-55f0-4d13-9bd4-e7becb605f0d	46eb3673a01b1846109fd005f774ec73f02fded846d070716f52dfb8e8d9b541	2026-03-12 22:44:39.726405+05:30	2026-03-12 22:44:37.413533+05:30	2026-03-19 22:44:37.412+05:30
9b72bf53-b83a-469a-8a47-e04a3bb24fbe	6c0e2c64-55f0-4d13-9bd4-e7becb605f0d	063ebe5b1d8f33a709ddf8a3ca758ac87d6fb85dd7c15de85fff30eefb73f889	2026-03-12 22:44:40.109151+05:30	2026-03-12 22:44:39.729861+05:30	2026-03-19 22:44:39.729+05:30
ab045f89-3cc5-4b6e-b643-6fac593ae6e2	6c0e2c64-55f0-4d13-9bd4-e7becb605f0d	6d9bda14b2dca558741bd5c7b7fed85737b8fa8379553157f0c0f62dc557fe96	2026-03-12 22:44:40.492321+05:30	2026-03-12 22:44:40.112404+05:30	2026-03-19 22:44:40.112+05:30
390854cd-be38-4947-ba98-12d1595d977f	6c0e2c64-55f0-4d13-9bd4-e7becb605f0d	6d9bda14b2dca558741bd5c7b7fed85737b8fa8379553157f0c0f62dc557fe96	2026-03-12 22:44:40.875913+05:30	2026-03-12 22:44:40.495296+05:30	2026-03-19 22:44:40.495+05:30
5c617a91-a8f2-4861-af49-c7a3054fa637	6c0e2c64-55f0-4d13-9bd4-e7becb605f0d	04c4bfe1e79f2b3e143cd8f14c7b2978b0deea298102acc08cb48ad3d0e08b68	2026-03-12 22:44:41.625131+05:30	2026-03-12 22:44:41.285187+05:30	2026-03-19 22:44:41.285+05:30
a4cb55e6-3496-42aa-83b9-7dc2d10309f5	6c0e2c64-55f0-4d13-9bd4-e7becb605f0d	04c4bfe1e79f2b3e143cd8f14c7b2978b0deea298102acc08cb48ad3d0e08b68	2026-03-12 22:44:41.894264+05:30	2026-03-12 22:44:41.628712+05:30	2026-03-19 22:44:41.628+05:30
340045e7-9195-437e-975d-d7d03b5afa8d	6c0e2c64-55f0-4d13-9bd4-e7becb605f0d	04c4bfe1e79f2b3e143cd8f14c7b2978b0deea298102acc08cb48ad3d0e08b68	2026-03-12 22:44:42.142719+05:30	2026-03-12 22:44:41.910882+05:30	2026-03-19 22:44:41.911+05:30
d5d4812b-05ad-4481-a13d-2c18c6ae2ca3	6c0e2c64-55f0-4d13-9bd4-e7becb605f0d	8f07e30fee3acba2d5a28b9914be0aab1118740dc2691415e213b9e4ab32cbc6	2026-03-12 22:44:42.392222+05:30	2026-03-12 22:44:42.145842+05:30	2026-03-19 22:44:42.146+05:30
9da19e27-8ec9-49ee-a41e-080fce2b92b0	6c0e2c64-55f0-4d13-9bd4-e7becb605f0d	8f07e30fee3acba2d5a28b9914be0aab1118740dc2691415e213b9e4ab32cbc6	\N	2026-03-12 22:44:42.394865+05:30	2026-03-19 22:44:42.395+05:30
11ea4b52-27af-42ef-8f4b-ee6197d64789	52a2a064-fef1-4e08-b012-40bc8a13b50d	c225410e8339d626198a1a5f7ff27b1e8ac6639387398457a68ec0397c4f1fcb	2026-03-12 23:00:09.518713+05:30	2026-03-12 22:44:49.721995+05:30	2026-03-19 22:44:49.723+05:30
8d35e039-d54b-4258-a133-b7ef3a1dda0d	52a2a064-fef1-4e08-b012-40bc8a13b50d	88cd5e3d447ab582bebd450efd9afef6f190852ae3e73f8ca8ed635df7b4991e	2026-03-12 23:00:12.761429+05:30	2026-03-12 23:00:09.521977+05:30	2026-03-19 23:00:09.525+05:30
5af6f78d-3918-47e3-9e29-4f5e677a152a	52a2a064-fef1-4e08-b012-40bc8a13b50d	ec20e5548cfb0cc5680bf6aae81b2fdbfcc01fcc23a204576e094ae3d1b6d078	\N	2026-03-12 23:00:12.787106+05:30	2026-03-19 23:00:12.791+05:30
b4610df5-ef2e-431d-a33f-1287e1a333db	6c0e2c64-55f0-4d13-9bd4-e7becb605f0d	5b1fa2d329ad6c6d01eeab1fb0f1d0345196337963c1d95ecf5b7ae27f895bf2	2026-03-12 23:01:39.363056+05:30	2026-03-12 23:00:31.627622+05:30	2026-03-19 23:00:31.634+05:30
4b31222b-d46c-4b0d-ac0e-bb68dfec778d	6c0e2c64-55f0-4d13-9bd4-e7becb605f0d	15b138fbec47223b9f2b45bf824dcfa6248ff064b49aacdcfb816076718ad069	2026-03-12 23:01:51.390052+05:30	2026-03-12 23:01:39.366282+05:30	2026-03-19 23:01:39.365+05:30
350e9d00-6ce9-4607-9850-a5c93ca0b98d	6c0e2c64-55f0-4d13-9bd4-e7becb605f0d	f1b529c6b28bce3f990994837a931ce167ffc6b58d0061b0b642800611c9b8aa	\N	2026-03-12 23:01:51.394628+05:30	2026-03-19 23:01:51.395+05:30
37456fb6-9b61-4810-be5c-21c627b93b52	52a2a064-fef1-4e08-b012-40bc8a13b50d	bf36c6b279e7a12333980a8e16759f13b9b9e7a4dc6c5c32ba91d1f7439ffbcc	2026-03-12 23:29:47.619983+05:30	2026-03-12 23:02:11.180295+05:30	2026-03-19 23:02:11.184+05:30
ac88d1c2-20dd-49a6-8d08-245e32930d2c	52a2a064-fef1-4e08-b012-40bc8a13b50d	e0b547614aa92e15a078ce33f870cb3b364a8d5abe0b30c20df42f8ccaecef36	\N	2026-03-12 23:29:47.625596+05:30	2026-03-19 23:29:47.624+05:30
50f1de11-6a90-4cbb-9ec6-f1be1addfd9c	52a2a064-fef1-4e08-b012-40bc8a13b50d	c31713ee1b83854985a68d8fd5a8ca057f09fc36b292e6c382ad97a561ed3e2b	2026-03-12 23:29:53.687183+05:30	2026-03-12 23:29:50.664683+05:30	2026-03-19 23:29:50.663+05:30
9509106f-6d3c-4e95-91cf-087c59011682	52a2a064-fef1-4e08-b012-40bc8a13b50d	e0b547614aa92e15a078ce33f870cb3b364a8d5abe0b30c20df42f8ccaecef36	2026-03-12 23:29:50.661101+05:30	2026-03-12 23:29:47.622958+05:30	2026-03-19 23:29:47.621+05:30
6179b47d-440c-4234-ba58-cca067a31d95	52a2a064-fef1-4e08-b012-40bc8a13b50d	c31713ee1b83854985a68d8fd5a8ca057f09fc36b292e6c382ad97a561ed3e2b	\N	2026-03-12 23:29:50.667814+05:30	2026-03-19 23:29:50.666+05:30
cf69637f-c60d-4c71-bce0-0403b5eb766d	52a2a064-fef1-4e08-b012-40bc8a13b50d	5af2b3de570ce7133505ca247ff9dc9f32433fa2f51973970dbf095e20bce5ae	2026-03-12 23:29:53.851365+05:30	2026-03-12 23:29:53.691449+05:30	2026-03-19 23:29:53.69+05:30
6c7a8b06-de10-4dad-8bad-58c08151a3de	52a2a064-fef1-4e08-b012-40bc8a13b50d	5af2b3de570ce7133505ca247ff9dc9f32433fa2f51973970dbf095e20bce5ae	\N	2026-03-12 23:29:53.854663+05:30	2026-03-19 23:29:53.853+05:30
2453fb2d-25fa-4f2d-9a6b-00707fbf492d	52a2a064-fef1-4e08-b012-40bc8a13b50d	5af2b3de570ce7133505ca247ff9dc9f32433fa2f51973970dbf095e20bce5ae	\N	2026-03-12 23:29:53.857388+05:30	2026-03-19 23:29:53.856+05:30
d4cf4629-91b5-40ae-94aa-3155dbc222ce	52a2a064-fef1-4e08-b012-40bc8a13b50d	5af2b3de570ce7133505ca247ff9dc9f32433fa2f51973970dbf095e20bce5ae	2026-03-12 23:29:54.023368+05:30	2026-03-12 23:29:53.693868+05:30	2026-03-19 23:29:53.693+05:30
7c23ffea-6e24-42c3-b4ce-217e9d6473ab	52a2a064-fef1-4e08-b012-40bc8a13b50d	69456c6eec8ab516df9b4a884d2a30e65111f7029880d41cf250198f027128f8	2026-03-12 23:29:54.170302+05:30	2026-03-12 23:29:54.026367+05:30	2026-03-19 23:29:54.025+05:30
e85313ce-6dd6-477d-a7ba-d8fe0e97d354	52a2a064-fef1-4e08-b012-40bc8a13b50d	69456c6eec8ab516df9b4a884d2a30e65111f7029880d41cf250198f027128f8	2026-03-12 23:29:54.294184+05:30	2026-03-12 23:29:54.028646+05:30	2026-03-19 23:29:54.028+05:30
9f4dec63-87ff-4299-85b9-21bbf95407fa	52a2a064-fef1-4e08-b012-40bc8a13b50d	69456c6eec8ab516df9b4a884d2a30e65111f7029880d41cf250198f027128f8	2026-03-12 23:29:54.435575+05:30	2026-03-12 23:29:54.174376+05:30	2026-03-19 23:29:54.173+05:30
ec0e5303-ce61-455e-bd81-94c971885c65	52a2a064-fef1-4e08-b012-40bc8a13b50d	69456c6eec8ab516df9b4a884d2a30e65111f7029880d41cf250198f027128f8	2026-03-12 23:29:54.666718+05:30	2026-03-12 23:29:54.300086+05:30	2026-03-19 23:29:54.299+05:30
16cffef7-e5bc-405a-bb4a-b2f0c6bab27b	52a2a064-fef1-4e08-b012-40bc8a13b50d	69456c6eec8ab516df9b4a884d2a30e65111f7029880d41cf250198f027128f8	2026-03-12 23:29:54.820353+05:30	2026-03-12 23:29:54.439842+05:30	2026-03-19 23:29:54.439+05:30
2e898f71-db77-4c0b-93e6-5acc1d64c934	52a2a064-fef1-4e08-b012-40bc8a13b50d	69456c6eec8ab516df9b4a884d2a30e65111f7029880d41cf250198f027128f8	\N	2026-03-12 23:29:54.823431+05:30	2026-03-19 23:29:54.822+05:30
ef5c09b5-caeb-4eb5-aeb0-3eb6703b430e	52a2a064-fef1-4e08-b012-40bc8a13b50d	69456c6eec8ab516df9b4a884d2a30e65111f7029880d41cf250198f027128f8	2026-03-12 23:29:55.146395+05:30	2026-03-12 23:29:54.673454+05:30	2026-03-19 23:29:54.672+05:30
dfa42ca0-cf7b-4326-a7b3-315150dccabc	52a2a064-fef1-4e08-b012-40bc8a13b50d	620e2f63f534f478942fe04dffae1c01207cf56d48dc980d43c65f943ad64b4c	2026-03-12 23:29:55.295776+05:30	2026-03-12 23:29:55.153503+05:30	2026-03-19 23:29:55.152+05:30
aa75ab55-34b6-41b0-82c7-1d5880493c71	52a2a064-fef1-4e08-b012-40bc8a13b50d	620e2f63f534f478942fe04dffae1c01207cf56d48dc980d43c65f943ad64b4c	2026-03-12 23:29:55.443029+05:30	2026-03-12 23:29:55.299984+05:30	2026-03-19 23:29:55.299+05:30
649499a9-09c2-4139-a8f7-e5188e68e2a9	52a2a064-fef1-4e08-b012-40bc8a13b50d	620e2f63f534f478942fe04dffae1c01207cf56d48dc980d43c65f943ad64b4c	2026-03-12 23:30:00.928926+05:30	2026-03-12 23:29:55.44972+05:30	2026-03-19 23:29:55.449+05:30
b12b43e9-a9b4-4b0d-9dae-06e8c16938a6	52a2a064-fef1-4e08-b012-40bc8a13b50d	6f95c15d35d0bf0f08b314cc331c189a760aa0ccbc73ee15c738bd98532c898a	2026-03-12 23:30:01.110154+05:30	2026-03-12 23:30:00.932253+05:30	2026-03-19 23:30:00.932+05:30
e57f05ef-d7f3-48e2-80ef-3529659b76e0	52a2a064-fef1-4e08-b012-40bc8a13b50d	16df3e7d72345996fa6dec502790d5193ba7f525635d8ddda55af40b8a791eb3	2026-03-12 23:30:01.276623+05:30	2026-03-12 23:30:01.112794+05:30	2026-03-19 23:30:01.112+05:30
005ab081-f2e7-4009-a1ab-c29310ce06db	52a2a064-fef1-4e08-b012-40bc8a13b50d	16df3e7d72345996fa6dec502790d5193ba7f525635d8ddda55af40b8a791eb3	2026-03-12 23:30:01.452333+05:30	2026-03-12 23:30:01.282654+05:30	2026-03-19 23:30:01.282+05:30
3562dfd0-dd79-4fda-acad-93097b0ed60a	52a2a064-fef1-4e08-b012-40bc8a13b50d	16df3e7d72345996fa6dec502790d5193ba7f525635d8ddda55af40b8a791eb3	2026-03-12 23:30:01.938871+05:30	2026-03-12 23:30:01.457751+05:30	2026-03-19 23:30:01.457+05:30
32e655e6-af71-42d9-afab-d6708a095747	52a2a064-fef1-4e08-b012-40bc8a13b50d	16df3e7d72345996fa6dec502790d5193ba7f525635d8ddda55af40b8a791eb3	2026-03-12 23:33:32.509592+05:30	2026-03-12 23:30:01.944275+05:30	2026-03-19 23:30:01.944+05:30
ca55890f-18d3-48b8-ab12-58a8f81a6660	52a2a064-fef1-4e08-b012-40bc8a13b50d	69456c6eec8ab516df9b4a884d2a30e65111f7029880d41cf250198f027128f8	\N	2026-03-12 23:29:54.176969+05:30	2026-03-19 23:29:54.176+05:30
06ec50bb-6d76-4169-a886-7bf20eccd525	52a2a064-fef1-4e08-b012-40bc8a13b50d	69456c6eec8ab516df9b4a884d2a30e65111f7029880d41cf250198f027128f8	\N	2026-03-12 23:29:54.296861+05:30	2026-03-19 23:29:54.296+05:30
0de47174-eff0-46fc-b9ad-c5a21eb4098a	52a2a064-fef1-4e08-b012-40bc8a13b50d	69456c6eec8ab516df9b4a884d2a30e65111f7029880d41cf250198f027128f8	\N	2026-03-12 23:29:54.442047+05:30	2026-03-19 23:29:54.441+05:30
948d2777-9014-4377-ae8c-0a70167eaf76	52a2a064-fef1-4e08-b012-40bc8a13b50d	69456c6eec8ab516df9b4a884d2a30e65111f7029880d41cf250198f027128f8	\N	2026-03-12 23:29:54.670613+05:30	2026-03-19 23:29:54.669+05:30
15278804-98ca-4df2-87ca-26d74aae2bbc	52a2a064-fef1-4e08-b012-40bc8a13b50d	69456c6eec8ab516df9b4a884d2a30e65111f7029880d41cf250198f027128f8	\N	2026-03-12 23:29:54.825637+05:30	2026-03-19 23:29:54.825+05:30
a9b23b33-8ecb-42ca-97e2-f6cbc7e505b3	52a2a064-fef1-4e08-b012-40bc8a13b50d	620e2f63f534f478942fe04dffae1c01207cf56d48dc980d43c65f943ad64b4c	\N	2026-03-12 23:29:55.150789+05:30	2026-03-19 23:29:55.149+05:30
1723c0c9-934a-4cd4-8001-50d7932adc00	52a2a064-fef1-4e08-b012-40bc8a13b50d	620e2f63f534f478942fe04dffae1c01207cf56d48dc980d43c65f943ad64b4c	\N	2026-03-12 23:29:55.30296+05:30	2026-03-19 23:29:55.302+05:30
7170dbf2-db4a-4b94-a9ca-9b4f627758fe	52a2a064-fef1-4e08-b012-40bc8a13b50d	620e2f63f534f478942fe04dffae1c01207cf56d48dc980d43c65f943ad64b4c	\N	2026-03-12 23:29:55.446577+05:30	2026-03-19 23:29:55.446+05:30
4798073e-ba7d-4179-8fab-b0befe4833dd	52a2a064-fef1-4e08-b012-40bc8a13b50d	6f95c15d35d0bf0f08b314cc331c189a760aa0ccbc73ee15c738bd98532c898a	\N	2026-03-12 23:30:00.956803+05:30	2026-03-19 23:30:00.956+05:30
aa390cc1-d559-49fb-93b4-221c3a2668cc	52a2a064-fef1-4e08-b012-40bc8a13b50d	16df3e7d72345996fa6dec502790d5193ba7f525635d8ddda55af40b8a791eb3	\N	2026-03-12 23:30:01.1151+05:30	2026-03-19 23:30:01.115+05:30
66537650-f553-4c5f-a9a2-fe3cf59f40b3	52a2a064-fef1-4e08-b012-40bc8a13b50d	16df3e7d72345996fa6dec502790d5193ba7f525635d8ddda55af40b8a791eb3	\N	2026-03-12 23:30:01.280063+05:30	2026-03-19 23:30:01.279+05:30
4acfe5c7-6e0e-4352-9cfd-ba6405107ab8	52a2a064-fef1-4e08-b012-40bc8a13b50d	16df3e7d72345996fa6dec502790d5193ba7f525635d8ddda55af40b8a791eb3	\N	2026-03-12 23:30:01.461239+05:30	2026-03-19 23:30:01.461+05:30
787f9f69-9e44-4049-9d61-05d0d8d7e0bc	52a2a064-fef1-4e08-b012-40bc8a13b50d	16df3e7d72345996fa6dec502790d5193ba7f525635d8ddda55af40b8a791eb3	\N	2026-03-12 23:30:01.942038+05:30	2026-03-19 23:30:01.941+05:30
5351af53-26ee-4ab0-8c5e-983f7782116f	52a2a064-fef1-4e08-b012-40bc8a13b50d	3b434c60bf77c461573b0fa964d630e5354f58f4cb9323d84e913a5b0c222515	\N	2026-03-12 23:33:32.519055+05:30	2026-03-19 23:33:32.518+05:30
45e4c006-3f43-46b9-856a-c5501fc383b1	52a2a064-fef1-4e08-b012-40bc8a13b50d	a631a811170a50a08d6502ae5a31618bc397b7fd415938776a4a3b2cdff4544a	2026-03-12 23:40:49.88715+05:30	2026-03-12 23:39:56.050049+05:30	2026-03-19 23:39:56.05+05:30
9345fbb8-f351-4bd6-94b0-a08f0aadc151	52a2a064-fef1-4e08-b012-40bc8a13b50d	3b434c60bf77c461573b0fa964d630e5354f58f4cb9323d84e913a5b0c222515	2026-03-12 23:33:35.047159+05:30	2026-03-12 23:33:32.51695+05:30	2026-03-19 23:33:32.516+05:30
a695e163-2477-405e-8832-c25d161eac45	52a2a064-fef1-4e08-b012-40bc8a13b50d	cd4c3a24f616d1307cd94e2058869feb905afb855edc523893f2e81dbc08fdf9	\N	2026-03-12 23:33:35.055518+05:30	2026-03-19 23:33:35.055+05:30
8cd2cb1e-4342-4864-8dac-c8e437d28fd8	52a2a064-fef1-4e08-b012-40bc8a13b50d	0f9ae008126ca5f574195f165012ea6c7c072ef2016fb4239fb953eaa630d16d	2026-03-12 23:33:39.590661+05:30	2026-03-12 23:33:39.154499+05:30	2026-03-19 23:33:39.154+05:30
dfe77dbe-139f-4647-bf81-4c2ade8a08ec	52a2a064-fef1-4e08-b012-40bc8a13b50d	cd4c3a24f616d1307cd94e2058869feb905afb855edc523893f2e81dbc08fdf9	2026-03-12 23:33:38.209045+05:30	2026-03-12 23:33:35.052333+05:30	2026-03-19 23:33:35.051+05:30
72a242fd-ff00-45ce-a7dd-9c0a79f64cfe	52a2a064-fef1-4e08-b012-40bc8a13b50d	a0ac5821737ec406292a2d9d2f4125a6de390a78984dcac9a56d8c9386f46d85	2026-03-12 23:33:38.370669+05:30	2026-03-12 23:33:38.208835+05:30	2026-03-19 23:33:38.208+05:30
40216c38-4493-4c72-a1fe-ad02e683076c	52a2a064-fef1-4e08-b012-40bc8a13b50d	a0ac5821737ec406292a2d9d2f4125a6de390a78984dcac9a56d8c9386f46d85	2026-03-12 23:33:38.527761+05:30	2026-03-12 23:33:38.212969+05:30	2026-03-19 23:33:38.212+05:30
56977c2f-a7d5-468e-8784-235e13149d31	52a2a064-fef1-4e08-b012-40bc8a13b50d	a0ac5821737ec406292a2d9d2f4125a6de390a78984dcac9a56d8c9386f46d85	\N	2026-03-12 23:33:38.531186+05:30	2026-03-19 23:33:38.531+05:30
c726f80d-18da-4f75-b971-a77606ec4b39	52a2a064-fef1-4e08-b012-40bc8a13b50d	a0ac5821737ec406292a2d9d2f4125a6de390a78984dcac9a56d8c9386f46d85	\N	2026-03-12 23:33:38.533981+05:30	2026-03-19 23:33:38.533+05:30
c94d94a4-1c1e-4656-b2f5-55b883349b1b	52a2a064-fef1-4e08-b012-40bc8a13b50d	2610b16c189739acf35b423dd1a76b4709f5934e1a0aad0aaeed1893eb2c9e20	2026-03-12 23:36:39.475537+05:30	2026-03-12 23:36:38.429628+05:30	2026-03-19 23:36:38.43+05:30
4cd967b8-b301-40fc-9f81-950f7b2faf08	52a2a064-fef1-4e08-b012-40bc8a13b50d	a0ac5821737ec406292a2d9d2f4125a6de390a78984dcac9a56d8c9386f46d85	2026-03-12 23:33:38.688388+05:30	2026-03-12 23:33:38.374134+05:30	2026-03-19 23:33:38.374+05:30
caba4c10-ed36-41bb-ab63-67c348955da5	52a2a064-fef1-4e08-b012-40bc8a13b50d	a0ac5821737ec406292a2d9d2f4125a6de390a78984dcac9a56d8c9386f46d85	\N	2026-03-12 23:33:38.691228+05:30	2026-03-19 23:33:38.691+05:30
c89f74bc-e7a6-4d92-a733-74366f7bceb3	52a2a064-fef1-4e08-b012-40bc8a13b50d	a0ac5821737ec406292a2d9d2f4125a6de390a78984dcac9a56d8c9386f46d85	\N	2026-03-12 23:33:38.693316+05:30	2026-03-19 23:33:38.693+05:30
181ae624-dff5-48a0-ba11-a9f186a8ceae	52a2a064-fef1-4e08-b012-40bc8a13b50d	0f9ae008126ca5f574195f165012ea6c7c072ef2016fb4239fb953eaa630d16d	2026-03-12 23:33:39.76198+05:30	2026-03-12 23:33:39.593544+05:30	2026-03-19 23:33:39.593+05:30
26d29859-c710-4877-989d-cd189aceae36	52a2a064-fef1-4e08-b012-40bc8a13b50d	a0ac5821737ec406292a2d9d2f4125a6de390a78984dcac9a56d8c9386f46d85	2026-03-12 23:33:38.999789+05:30	2026-03-12 23:33:38.37624+05:30	2026-03-19 23:33:38.376+05:30
76e4ca40-c29e-42f0-af44-0c199c2ee10a	52a2a064-fef1-4e08-b012-40bc8a13b50d	0f9ae008126ca5f574195f165012ea6c7c072ef2016fb4239fb953eaa630d16d	2026-03-12 23:33:39.147701+05:30	2026-03-12 23:33:39.003568+05:30	2026-03-19 23:33:39.003+05:30
94eed493-8ef7-4e44-8557-333fa4b807d5	52a2a064-fef1-4e08-b012-40bc8a13b50d	0f9ae008126ca5f574195f165012ea6c7c072ef2016fb4239fb953eaa630d16d	2026-03-12 23:33:39.29341+05:30	2026-03-12 23:33:39.007148+05:30	2026-03-19 23:33:39.007+05:30
59bddeec-c4ad-45e6-b212-baa7b35f31a1	52a2a064-fef1-4e08-b012-40bc8a13b50d	0f9ae008126ca5f574195f165012ea6c7c072ef2016fb4239fb953eaa630d16d	\N	2026-03-12 23:33:39.296761+05:30	2026-03-19 23:33:39.296+05:30
00fe4ce2-855e-407d-b23d-bf03df016039	52a2a064-fef1-4e08-b012-40bc8a13b50d	0f9ae008126ca5f574195f165012ea6c7c072ef2016fb4239fb953eaa630d16d	\N	2026-03-12 23:33:39.299157+05:30	2026-03-19 23:33:39.299+05:30
11851fa3-b17c-4dd5-8e82-3c29bd67fb18	52a2a064-fef1-4e08-b012-40bc8a13b50d	0f9ae008126ca5f574195f165012ea6c7c072ef2016fb4239fb953eaa630d16d	2026-03-12 23:33:39.443587+05:30	2026-03-12 23:33:39.151873+05:30	2026-03-19 23:33:39.151+05:30
54ca5921-e62b-4019-a049-0df6faf62fba	52a2a064-fef1-4e08-b012-40bc8a13b50d	0f9ae008126ca5f574195f165012ea6c7c072ef2016fb4239fb953eaa630d16d	\N	2026-03-12 23:33:39.447929+05:30	2026-03-19 23:33:39.447+05:30
c6870acc-0d31-464a-9aba-6b17b4059395	52a2a064-fef1-4e08-b012-40bc8a13b50d	0f9ae008126ca5f574195f165012ea6c7c072ef2016fb4239fb953eaa630d16d	\N	2026-03-12 23:33:39.45094+05:30	2026-03-19 23:33:39.45+05:30
9fc79c90-d4ed-4ca9-b635-330bd138a782	52a2a064-fef1-4e08-b012-40bc8a13b50d	0f9ae008126ca5f574195f165012ea6c7c072ef2016fb4239fb953eaa630d16d	2026-03-12 23:33:39.937149+05:30	2026-03-12 23:33:39.596308+05:30	2026-03-19 23:33:39.595+05:30
c4ee7dd6-b6fb-434f-8d70-4f753eaf4178	52a2a064-fef1-4e08-b012-40bc8a13b50d	0f9ae008126ca5f574195f165012ea6c7c072ef2016fb4239fb953eaa630d16d	\N	2026-03-12 23:33:39.940291+05:30	2026-03-19 23:33:39.94+05:30
aea31c07-248f-48b5-8b2e-afd153045451	52a2a064-fef1-4e08-b012-40bc8a13b50d	0f9ae008126ca5f574195f165012ea6c7c072ef2016fb4239fb953eaa630d16d	\N	2026-03-12 23:33:39.942594+05:30	2026-03-19 23:33:39.942+05:30
934a3fe3-c914-4b09-88ec-b64586a75a78	52a2a064-fef1-4e08-b012-40bc8a13b50d	0f9ae008126ca5f574195f165012ea6c7c072ef2016fb4239fb953eaa630d16d	2026-03-12 23:36:38.423949+05:30	2026-03-12 23:33:39.766594+05:30	2026-03-19 23:33:39.766+05:30
4397dd76-9486-46db-a0af-b7ac6f28c0aa	52a2a064-fef1-4e08-b012-40bc8a13b50d	0f9ae008126ca5f574195f165012ea6c7c072ef2016fb4239fb953eaa630d16d	2026-03-12 23:36:38.430157+05:30	2026-03-12 23:33:39.770107+05:30	2026-03-19 23:33:39.77+05:30
8be3cae4-3f61-4a7c-9383-39eaaf96f2ae	52a2a064-fef1-4e08-b012-40bc8a13b50d	2610b16c189739acf35b423dd1a76b4709f5934e1a0aad0aaeed1893eb2c9e20	\N	2026-03-12 23:36:38.438259+05:30	2026-03-19 23:36:38.44+05:30
2d4ade09-e0d5-41e7-a31d-098964242b65	52a2a064-fef1-4e08-b012-40bc8a13b50d	69daba1a89c70f847914bf7306f3067b9252e3639c65aa7b8e0c5df3abf22a42	2026-03-12 23:39:55.916724+05:30	2026-03-12 23:36:39.480364+05:30	2026-03-19 23:36:39.482+05:30
c0457a4c-b68f-416d-b3d7-6637af589d59	52a2a064-fef1-4e08-b012-40bc8a13b50d	00b6c4d9be6327ccfab86a205491b52e05752568f72540524f5c65f66cde80f0	\N	2026-03-12 23:39:55.922589+05:30	2026-03-19 23:39:55.922+05:30
2538995a-5452-4398-baef-4870469abb95	52a2a064-fef1-4e08-b012-40bc8a13b50d	69daba1a89c70f847914bf7306f3067b9252e3639c65aa7b8e0c5df3abf22a42	2026-03-12 23:39:56.035334+05:30	2026-03-12 23:36:39.485105+05:30	2026-03-19 23:36:39.487+05:30
c4b074d3-3090-4fa5-9af1-f460c2f54fda	52a2a064-fef1-4e08-b012-40bc8a13b50d	f6fa3dc4f0c3475daa5a3eb5d85c1bd3b00712f92b7f0776e0dba5ff2020d703	2026-03-12 23:41:38.147823+05:30	2026-03-12 23:40:49.908973+05:30	2026-03-19 23:40:49.908+05:30
110aab1c-0f4f-41a5-a7ca-92c778df8cf4	6c0e2c64-55f0-4d13-9bd4-e7becb605f0d	6c5d72908e95352a6b5c960584cec25322ae3a0b52edf93765fccf81737480f7	2026-03-13 00:55:05.516825+05:30	2026-03-13 00:54:36.319847+05:30	2026-03-20 00:54:36.319+05:30
da04032d-6b5b-416d-a5a8-17e8c2ec0d64	52a2a064-fef1-4e08-b012-40bc8a13b50d	98b9279a3a7715b896c481e908b634ba9bc68c7fedd7e87d233ad78330525eb8	2026-03-13 00:53:59.916884+05:30	2026-03-12 23:41:38.151708+05:30	2026-03-19 23:41:38.153+05:30
0f284c15-ce92-460a-8ca0-7861f4b5489b	52a2a064-fef1-4e08-b012-40bc8a13b50d	6832cc0f1586176bf371d68298e7ed8677b0d978fd8729ed3c029e48ed087f5d	\N	2026-03-13 00:54:00.129644+05:30	2026-03-20 00:54:00.128+05:30
28b478bd-83f8-4999-9933-6ad20cad3f89	52a2a064-fef1-4e08-b012-40bc8a13b50d	6832cc0f1586176bf371d68298e7ed8677b0d978fd8729ed3c029e48ed087f5d	\N	2026-03-13 00:54:00.132113+05:30	2026-03-20 00:54:00.131+05:30
fe67350f-21b4-4ccf-9b7a-902223b7ca91	6c0e2c64-55f0-4d13-9bd4-e7becb605f0d	cac452ed19d221a5e6b90f160e3537a4730830a87a9c24fcdcb7ea912e11ac94	\N	2026-03-13 00:55:05.533498+05:30	2026-03-20 00:55:05.532+05:30
71fcad0c-9440-449d-8e3c-dd13d86acb17	52a2a064-fef1-4e08-b012-40bc8a13b50d	653a64e0f24340595172d766c0df4927118f7100e8f874dc1afbd0457d298148	2026-03-13 01:19:07.392673+05:30	2026-03-13 00:55:27.903391+05:30	2026-03-20 00:55:27.902+05:30
af664c42-7af0-42fa-950a-8487bbaa0e11	52a2a064-fef1-4e08-b012-40bc8a13b50d	699e89360890bef73e2ed20952f112432ac1108f0b6eca240d67ba5bf183f964	\N	2026-03-13 01:19:07.60561+05:30	2026-03-20 01:19:07.605+05:30
a9a93080-e3b7-426d-ab95-6cf4781b0f64	52a2a064-fef1-4e08-b012-40bc8a13b50d	b13808b1b948ef53cae92008aa3a6f8a795ca3acfd214b420fad0aef44c9c996	2026-03-17 02:59:24.367775+05:30	2026-03-17 02:59:19.419783+05:30	2026-03-24 02:59:19.417+05:30
269c48e3-ba34-4419-923c-f32a216fca6f	52a2a064-fef1-4e08-b012-40bc8a13b50d	699e89360890bef73e2ed20952f112432ac1108f0b6eca240d67ba5bf183f964	2026-03-13 01:32:02.810111+05:30	2026-03-13 01:19:07.540496+05:30	2026-03-20 01:19:07.539+05:30
e8dc3973-3ff9-4a8f-8a01-a40c2acaf437	52a2a064-fef1-4e08-b012-40bc8a13b50d	870958732204f81eeb9f6ced77e9554c784949a3bf79d6697d1509a0356ac64b	\N	2026-03-13 01:32:02.832882+05:30	2026-03-20 01:32:02.831+05:30
90592237-a0e9-4328-846b-617213902834	52a2a064-fef1-4e08-b012-40bc8a13b50d	5e2b34b2a48714b5a90a2d92927ced5106adb0bb34294f260d5758de01ae834b	2026-03-17 02:56:56.088461+05:30	2026-03-17 02:56:51.220448+05:30	2026-03-24 02:56:51.219+05:30
d22a395e-8054-4ed0-b3b3-b78caa9d64d0	52a2a064-fef1-4e08-b012-40bc8a13b50d	870958732204f81eeb9f6ced77e9554c784949a3bf79d6697d1509a0356ac64b	2026-03-13 01:32:07.87778+05:30	2026-03-13 01:32:02.839936+05:30	2026-03-20 01:32:02.838+05:30
b1dcfc73-8e40-48d6-98be-7f9df73e698d	52a2a064-fef1-4e08-b012-40bc8a13b50d	56e180ab68bc93618dead7daccde9aa4d6a722596b1c837c999fb3952baf5d79	\N	2026-03-13 01:32:07.885873+05:30	2026-03-20 01:32:07.885+05:30
1bb78603-b80e-4c1e-92da-986e8171ff75	52a2a064-fef1-4e08-b012-40bc8a13b50d	56e180ab68bc93618dead7daccde9aa4d6a722596b1c837c999fb3952baf5d79	\N	2026-03-13 01:32:07.88842+05:30	2026-03-20 01:32:07.887+05:30
cfef6734-56af-47ce-948c-5f7f08537479	6c0e2c64-55f0-4d13-9bd4-e7becb605f0d	2933200e03e7b278e368c1365619ed230d2a10e116eed9c12de2d7a432b873fa	2026-03-13 01:36:11.027732+05:30	2026-03-13 01:32:26.875704+05:30	2026-03-20 01:32:26.874+05:30
2c59184d-9246-4365-8502-93009fdce0fc	6c0e2c64-55f0-4d13-9bd4-e7becb605f0d	a3e07257a72799a616b5e0cbc14e02b692bb5ee9eb73377c3b0f8216cbca62f6	2026-03-13 01:36:25.910647+05:30	2026-03-13 01:36:11.03743+05:30	2026-03-20 01:36:11.036+05:30
67f18b71-a835-4462-8b83-cb038318ea36	6c0e2c64-55f0-4d13-9bd4-e7becb605f0d	ab45bd588c542ebf0c0b75690167fcd8b1a11174900c2a9781db7e968bfc5982	\N	2026-03-13 01:36:25.916311+05:30	2026-03-20 01:36:25.915+05:30
b7c25779-0483-416d-9f0c-e238cd697c14	52a2a064-fef1-4e08-b012-40bc8a13b50d	f508006b48463a0d84556e39cd1ea374d49690340fbd7876f1612fc7f937bb1f	2026-03-17 02:46:23.295996+05:30	2026-03-17 02:39:54.953848+05:30	2026-03-24 02:39:54.952+05:30
4fa10b20-ca79-47aa-802a-7be39f57acd2	6c0e2c64-55f0-4d13-9bd4-e7becb605f0d	ab45bd588c542ebf0c0b75690167fcd8b1a11174900c2a9781db7e968bfc5982	2026-03-13 01:36:26.276858+05:30	2026-03-13 01:36:25.913935+05:30	2026-03-20 01:36:25.913+05:30
f8259faf-c466-4d75-9a38-8be01a0b2472	52a2a064-fef1-4e08-b012-40bc8a13b50d	3242b7571bac22bb7ea2728a391fae2224c6e62094622666476da55df002900e	\N	2026-03-17 02:46:23.35206+05:30	2026-03-24 02:46:23.35+05:30
e052a93f-1460-4ed2-86a3-aa5c069033dc	6c0e2c64-55f0-4d13-9bd4-e7becb605f0d	175156ff3cd0b9b168888a7ed307adfc8cf63cf99abe9e39a7f859f9578accbf	2026-03-13 01:36:26.770278+05:30	2026-03-13 01:36:26.279939+05:30	2026-03-20 01:36:26.279+05:30
99be6893-b7d9-42cb-b262-ba09c25ae562	6c0e2c64-55f0-4d13-9bd4-e7becb605f0d	175156ff3cd0b9b168888a7ed307adfc8cf63cf99abe9e39a7f859f9578accbf	\N	2026-03-13 01:36:26.775574+05:30	2026-03-20 01:36:26.775+05:30
9698a1ae-9e72-4137-a7e4-a17febbbd95d	6c0e2c64-55f0-4d13-9bd4-e7becb605f0d	175156ff3cd0b9b168888a7ed307adfc8cf63cf99abe9e39a7f859f9578accbf	\N	2026-03-13 01:36:26.779087+05:30	2026-03-20 01:36:26.778+05:30
ae68d2d7-d4c8-4ccd-aa1e-d485e845e1c2	52a2a064-fef1-4e08-b012-40bc8a13b50d	3242b7571bac22bb7ea2728a391fae2224c6e62094622666476da55df002900e	\N	2026-03-17 02:46:23.354771+05:30	2026-03-24 02:46:23.354+05:30
92e91b73-ab06-40fb-82f7-b97b67d4ac08	6c0e2c64-55f0-4d13-9bd4-e7becb605f0d	175156ff3cd0b9b168888a7ed307adfc8cf63cf99abe9e39a7f859f9578accbf	2026-03-13 01:36:26.981251+05:30	2026-03-13 01:36:26.282272+05:30	2026-03-20 01:36:26.281+05:30
fd665129-8186-4733-bd31-4194a18e137a	6c0e2c64-55f0-4d13-9bd4-e7becb605f0d	175156ff3cd0b9b168888a7ed307adfc8cf63cf99abe9e39a7f859f9578accbf	\N	2026-03-13 01:36:26.993218+05:30	2026-03-20 01:36:26.992+05:30
b93108cc-3828-483d-b184-8059b151f084	6c0e2c64-55f0-4d13-9bd4-e7becb605f0d	175156ff3cd0b9b168888a7ed307adfc8cf63cf99abe9e39a7f859f9578accbf	\N	2026-03-13 01:36:26.997288+05:30	2026-03-20 01:36:26.996+05:30
1dfd09af-7fd9-404d-b9b5-923cf660fa1c	52a2a064-fef1-4e08-b012-40bc8a13b50d	3242b7571bac22bb7ea2728a391fae2224c6e62094622666476da55df002900e	\N	2026-03-17 02:46:23.35941+05:30	2026-03-24 02:46:23.358+05:30
76320845-e348-4759-a978-3ac3d4cc9168	52a2a064-fef1-4e08-b012-40bc8a13b50d	bd2968ef81e0341095df3925f5711a94059e11f2ab8304a8fe3e0282ecb7fefb	2026-03-13 02:05:59.275185+05:30	2026-03-13 01:37:39.887013+05:30	2026-03-20 01:37:39.886+05:30
05826878-f2bd-4ad3-bd10-96f1f46a1e02	52a2a064-fef1-4e08-b012-40bc8a13b50d	d08db2847374f1cc11497d983d2468b980f4e7dad8fa9b05d05a6eb81e717c6e	\N	2026-03-13 02:05:59.372229+05:30	2026-03-20 02:05:59.371+05:30
0ca93724-de7a-47a0-975a-1f821d08b1e3	52a2a064-fef1-4e08-b012-40bc8a13b50d	3242b7571bac22bb7ea2728a391fae2224c6e62094622666476da55df002900e	\N	2026-03-17 02:46:23.357094+05:30	2026-03-24 02:46:23.356+05:30
904c3342-a7c3-4603-b0c8-93e7a755be60	52a2a064-fef1-4e08-b012-40bc8a13b50d	d08db2847374f1cc11497d983d2468b980f4e7dad8fa9b05d05a6eb81e717c6e	2026-03-13 02:06:14.676116+05:30	2026-03-13 02:05:59.369809+05:30	2026-03-20 02:05:59.368+05:30
8e6ab140-4db3-41e9-85f7-a067bd2f122a	52a2a064-fef1-4e08-b012-40bc8a13b50d	6730ba7e1f17eb56bf5e39b05c2b31c5ae6a91def2561335ab93e67a50ad5005	\N	2026-03-13 02:06:14.720529+05:30	2026-03-20 02:06:14.72+05:30
23d2b079-33ac-443f-a726-0dcaa77f022b	52a2a064-fef1-4e08-b012-40bc8a13b50d	6730ba7e1f17eb56bf5e39b05c2b31c5ae6a91def2561335ab93e67a50ad5005	\N	2026-03-13 02:06:14.756133+05:30	2026-03-20 02:06:14.755+05:30
0fb9d28b-b580-489f-aa79-59381f683b9d	6c0e2c64-55f0-4d13-9bd4-e7becb605f0d	5735753514be1691b27a78329b94147b2d1c030e057afd17b450e8f563b34dad	2026-03-13 02:24:20.97502+05:30	2026-03-13 02:06:38.024656+05:30	2026-03-20 02:06:38.024+05:30
47c7dfab-6959-4e0f-bd19-9d1db785ad49	6c0e2c64-55f0-4d13-9bd4-e7becb605f0d	008aac81efff1e188cf0ee504fcc9628df0a5bb5033d59387425198c48911a89	2026-03-17 02:37:34.12937+05:30	2026-03-13 02:24:21.066271+05:30	2026-03-20 02:24:21.065+05:30
90c836b1-66c9-4586-945e-ae6843693d06	6c0e2c64-55f0-4d13-9bd4-e7becb605f0d	401e8ff6c7a908c48c9d3ceefaea1b45eb524c74c738cf199f1111be76c8520d	\N	2026-03-17 02:37:34.47777+05:30	2026-03-24 02:37:34.475+05:30
74a0e6bc-53c4-4aba-8f03-e9fb676a13f3	6c0e2c64-55f0-4d13-9bd4-e7becb605f0d	6157252630fe2d1d18f016da4031180bdc1a76b04102c6099696b322dc4f94bf	2026-03-17 02:50:57.580515+05:30	2026-03-17 02:47:30.365953+05:30	2026-03-24 02:47:30.365+05:30
1934d75b-721f-46a4-b888-f4a4a3109a21	6c0e2c64-55f0-4d13-9bd4-e7becb605f0d	401e8ff6c7a908c48c9d3ceefaea1b45eb524c74c738cf199f1111be76c8520d	2026-03-17 02:39:04.002587+05:30	2026-03-17 02:37:34.480205+05:30	2026-03-24 02:37:34.479+05:30
d75616cf-0beb-49e5-ae3c-b3a8d1042967	6c0e2c64-55f0-4d13-9bd4-e7becb605f0d	5fcb55340e50a89fe8993012a07682ed4173c017bd0750e148c9a30c91b6e38c	\N	2026-03-17 02:39:04.087213+05:30	2026-03-24 02:39:04.086+05:30
1ffada99-75b0-409a-a624-023a4f336a54	6c0e2c64-55f0-4d13-9bd4-e7becb605f0d	5fcb55340e50a89fe8993012a07682ed4173c017bd0750e148c9a30c91b6e38c	\N	2026-03-17 02:39:04.103079+05:30	2026-03-24 02:39:04.102+05:30
805f01b4-1d57-47ee-8672-4deb474a4433	6c0e2c64-55f0-4d13-9bd4-e7becb605f0d	538f3d93779b9eced02512fc4c3508f3b1f7eb5ac8ee4dff864de205a1e5c634	\N	2026-03-17 02:50:57.842084+05:30	2026-03-24 02:50:57.841+05:30
00ae5e49-52bd-44f5-a180-7bb9338279a7	52a2a064-fef1-4e08-b012-40bc8a13b50d	1b66bd741039f58c586de85d164913be985ce3c0d9462cb7ba35155c341cc2d5	\N	2026-03-17 02:56:56.138813+05:30	2026-03-24 02:56:56.138+05:30
ef31876d-9570-43c6-9969-7f52a045e77d	6c0e2c64-55f0-4d13-9bd4-e7becb605f0d	80a905cb530b377e5fd26b598aa8b3e64bf5936306bcf41c2bf87216679a2d6c	\N	2026-03-17 02:52:13.334286+05:30	2026-03-24 02:52:13.333+05:30
15b3782b-68d9-40e2-b6a6-0c3640af1917	6c0e2c64-55f0-4d13-9bd4-e7becb605f0d	c446943da33de1c853ca6ad5fffd07787de655e607c4ced09cbea4cf0ff9c739	2026-03-17 02:52:13.189987+05:30	2026-03-17 02:51:16.76279+05:30	2026-03-24 02:51:16.762+05:30
cee10bb3-ae87-4706-8c1c-c08c96e37147	6c0e2c64-55f0-4d13-9bd4-e7becb605f0d	80a905cb530b377e5fd26b598aa8b3e64bf5936306bcf41c2bf87216679a2d6c	\N	2026-03-17 02:52:13.546973+05:30	2026-03-24 02:52:13.545+05:30
8a56b734-0b6b-47b1-a391-2898fb8bae10	52a2a064-fef1-4e08-b012-40bc8a13b50d	1b66bd741039f58c586de85d164913be985ce3c0d9462cb7ba35155c341cc2d5	2026-03-17 02:59:19.035163+05:30	2026-03-17 02:56:56.127804+05:30	2026-03-24 02:56:56.127+05:30
aeffb065-da59-427e-a8bf-e0f87b167f56	52a2a064-fef1-4e08-b012-40bc8a13b50d	01dab835b4a96d45515dd84a18fd127c52e7b0776974e5d11e1b0e7b93786a58	2026-03-17 02:56:50.85466+05:30	2026-03-17 02:52:37.463973+05:30	2026-03-24 02:52:37.462+05:30
0fbb7c29-92cc-46f5-8ef9-f9eb44e033ce	52a2a064-fef1-4e08-b012-40bc8a13b50d	5e2b34b2a48714b5a90a2d92927ced5106adb0bb34294f260d5758de01ae834b	\N	2026-03-17 02:56:51.36693+05:30	2026-03-24 02:56:51.366+05:30
22fb7d1a-74c6-4a38-aaa6-1cb85c496473	52a2a064-fef1-4e08-b012-40bc8a13b50d	b13808b1b948ef53cae92008aa3a6f8a795ca3acfd214b420fad0aef44c9c996	2026-03-17 02:59:19.413766+05:30	2026-03-17 02:59:19.046308+05:30	2026-03-24 02:59:19.044+05:30
c2c78a32-5195-4f22-b0c2-a4ace437dc87	52a2a064-fef1-4e08-b012-40bc8a13b50d	a9662c1f434a3adf06ee6835b0581bf59b6a4912dd110eb2578d9b2fd487b6cd	2026-03-17 02:59:25.397941+05:30	2026-03-17 02:59:24.374008+05:30	2026-03-24 02:59:24.372+05:30
f57e0ae8-d71b-47f1-906d-5af52ed14454	52a2a064-fef1-4e08-b012-40bc8a13b50d	9cf84c90008a93d64e18691cd064b636376d017f3bf6aa2ed1f940431395645c	2026-03-17 03:09:13.887331+05:30	2026-03-17 03:08:09.489512+05:30	2026-03-24 03:08:09.487+05:30
1cfa1387-5fe0-429a-9ad1-8811b4f67f32	52a2a064-fef1-4e08-b012-40bc8a13b50d	16ed81728384e7dca3c901e4f45170fd996ec6c9a7ec8c0a4627932d288a8ec9	2026-03-17 03:08:09.348507+05:30	2026-03-17 02:59:25.401825+05:30	2026-03-24 02:59:25.4+05:30
0cbcd504-38b7-47d6-8b81-0e6d93549580	52a2a064-fef1-4e08-b012-40bc8a13b50d	9cf84c90008a93d64e18691cd064b636376d017f3bf6aa2ed1f940431395645c	2026-03-17 03:09:13.938589+05:30	2026-03-17 03:08:09.587797+05:30	2026-03-24 03:08:09.585+05:30
14036156-ac8f-41ed-be69-80aa20b093de	52a2a064-fef1-4e08-b012-40bc8a13b50d	2e8b00986dbcad1189d6ab5e3a95689ffe5ba02a747ce94e00d4956c03c34006	2026-03-17 03:10:16.827765+05:30	2026-03-17 03:09:13.903811+05:30	2026-03-24 03:09:13.903+05:30
e141f75b-f501-4a6b-93b8-dfb5a06bb0e2	52a2a064-fef1-4e08-b012-40bc8a13b50d	dc3264dc7dd1724aa24b72e1823f26f1f0f45a3c96325a4a572b00ef7672898b	\N	2026-03-17 03:10:16.83228+05:30	2026-03-24 03:10:16.831+05:30
15fa49a4-0b27-41be-9907-81fe077ca653	52a2a064-fef1-4e08-b012-40bc8a13b50d	2e8b00986dbcad1189d6ab5e3a95689ffe5ba02a747ce94e00d4956c03c34006	2026-03-17 03:10:16.891592+05:30	2026-03-17 03:09:13.978923+05:30	2026-03-24 03:09:13.978+05:30
54adefcb-460c-4395-84f5-d7bff026bd6b	52a2a064-fef1-4e08-b012-40bc8a13b50d	dc3264dc7dd1724aa24b72e1823f26f1f0f45a3c96325a4a572b00ef7672898b	\N	2026-03-17 03:10:16.8948+05:30	2026-03-24 03:10:16.894+05:30
6fe57c7e-ad80-40a2-936e-c9dc231d1940	6c0e2c64-55f0-4d13-9bd4-e7becb605f0d	960d2200eb25cc98ac387b8b9e2a5371a688bc37d582879f6e05d5b265ca2de6	2026-03-17 03:16:16.666964+05:30	2026-03-17 03:11:17.144914+05:30	2026-03-24 03:11:17.143+05:30
4f6fd5ef-70f9-493a-b42d-ff38bf43ff95	6c0e2c64-55f0-4d13-9bd4-e7becb605f0d	9a19e34ab6c03b5bee1beb5f38fb7a0aed33d70c6fc0f7f28706be04a9a54ce5	2026-03-17 03:17:18.251605+05:30	2026-03-17 03:16:16.695854+05:30	2026-03-24 03:16:16.694+05:30
e72cfaa2-fd52-43cf-9250-e41e1ea48631	6c0e2c64-55f0-4d13-9bd4-e7becb605f0d	429a9ba36dd2b68b50238c54ce5465bf2559e3908951eed7dfce77fb276ae100	\N	2026-03-17 03:17:18.27086+05:30	2026-03-24 03:17:18.269+05:30
28025709-b31b-452e-acba-406070d64798	6c0e2c64-55f0-4d13-9bd4-e7becb605f0d	f3cb7c9bd1084b9cbfa299cd0f5bfa2de86f83634048df34f2da214d075714c5	2026-03-18 00:50:37.306434+05:30	2026-03-18 00:47:40.845018+05:30	2026-03-25 00:47:40.843+05:30
f3dce506-c7e4-411f-a602-440be96d28b2	6c0e2c64-55f0-4d13-9bd4-e7becb605f0d	881ad25263135e4bd5d0a079abdab14115835418c6cdb82e90fb86dfbc28954b	2026-03-17 23:22:35.064601+05:30	2026-03-17 03:17:33.512444+05:30	2026-03-24 03:17:33.511+05:30
36dc0e07-c299-4f06-9b13-f653d0662896	6c0e2c64-55f0-4d13-9bd4-e7becb605f0d	97a6ed41c5ba95f2fff182fc3cfe1a028bf7487aa5a1eb68c6b2b8763ea06870	\N	2026-03-17 23:22:36.339277+05:30	2026-03-24 23:22:36.337+05:30
393e9407-011d-4937-9771-5d71407baff6	6c0e2c64-55f0-4d13-9bd4-e7becb605f0d	97a6ed41c5ba95f2fff182fc3cfe1a028bf7487aa5a1eb68c6b2b8763ea06870	2026-03-17 23:54:40.60417+05:30	2026-03-17 23:22:36.348655+05:30	2026-03-24 23:22:36.347+05:30
6b2374ba-4a8d-453c-b828-8c5f365ca22c	6c0e2c64-55f0-4d13-9bd4-e7becb605f0d	eea9af82cbfd8c079737f62ffc159c0a9452bd20a4895e103e237afc62ba54f4	2026-03-17 23:55:27.41451+05:30	2026-03-17 23:54:40.798403+05:30	2026-03-24 23:54:40.797+05:30
0ba83f97-25ab-4a36-bcf4-e50672b14096	6c0e2c64-55f0-4d13-9bd4-e7becb605f0d	eea9af82cbfd8c079737f62ffc159c0a9452bd20a4895e103e237afc62ba54f4	2026-03-17 23:55:27.801004+05:30	2026-03-17 23:54:40.805772+05:30	2026-03-24 23:54:40.805+05:30
7b205350-fe57-48a8-b238-7a2dcb107708	6c0e2c64-55f0-4d13-9bd4-e7becb605f0d	aa9899e80b21cab8aab93ddb0f468d40233260409873aa44405b8c74b9b51351	\N	2026-03-17 23:55:27.815018+05:30	2026-03-24 23:55:27.814+05:30
635b749d-585e-49c5-9964-c2ef1539c554	6c0e2c64-55f0-4d13-9bd4-e7becb605f0d	f3cb7c9bd1084b9cbfa299cd0f5bfa2de86f83634048df34f2da214d075714c5	2026-03-18 00:50:37.433859+05:30	2026-03-18 00:47:40.847646+05:30	2026-03-25 00:47:40.846+05:30
7451dcb7-e4eb-4d80-b37f-ad910210b201	6c0e2c64-55f0-4d13-9bd4-e7becb605f0d	592b103c182deb1e487604c19e6d9f756e3f4a29f18852748ed557416b0fb2d2	\N	2026-03-17 23:55:32.113264+05:30	2026-03-24 23:55:32.112+05:30
441b9258-e913-414a-91de-f686d63b26f0	6c0e2c64-55f0-4d13-9bd4-e7becb605f0d	aa9899e80b21cab8aab93ddb0f468d40233260409873aa44405b8c74b9b51351	2026-03-17 23:55:32.020566+05:30	2026-03-17 23:55:27.550928+05:30	2026-03-24 23:55:27.55+05:30
13026d6d-d140-4e17-996f-23c2fd0597f3	6c0e2c64-55f0-4d13-9bd4-e7becb605f0d	592b103c182deb1e487604c19e6d9f756e3f4a29f18852748ed557416b0fb2d2	\N	2026-03-17 23:55:32.387628+05:30	2026-03-24 23:55:32.387+05:30
755dcbee-7e14-4876-b940-4a2cfe47595b	52a2a064-fef1-4e08-b012-40bc8a13b50d	4ec78bda6304f157c49280621030fc0a1d594fd2f3594493fa529ff1984fcdf8	2026-03-18 00:04:50.588488+05:30	2026-03-17 23:56:13.132448+05:30	2026-03-24 23:56:13.131+05:30
fa89dc0e-0606-4622-bd2a-ecffc8364e59	52a2a064-fef1-4e08-b012-40bc8a13b50d	f0c192c69844a5b33102992b6866ca2b5688a34a9b85204c0460fa850b89d4c8	2026-03-18 00:05:39.022134+05:30	2026-03-18 00:04:50.603505+05:30	2026-03-25 00:04:50.601+05:30
b2df57cd-54ec-42a1-b93a-db87763bf518	52a2a064-fef1-4e08-b012-40bc8a13b50d	2c14b29e3a6f75fbb8bc1666155dd724306c46d392f3c294a17fc5c13412a299	\N	2026-03-18 00:05:39.028289+05:30	2026-03-25 00:05:39.027+05:30
39c0fe35-9f97-420d-89bb-5bd158ba6ef9	52a2a064-fef1-4e08-b012-40bc8a13b50d	f0c192c69844a5b33102992b6866ca2b5688a34a9b85204c0460fa850b89d4c8	2026-03-18 00:05:39.097577+05:30	2026-03-18 00:04:50.606931+05:30	2026-03-25 00:04:50.606+05:30
4104e963-3276-45ef-998d-6e92b45ab42e	52a2a064-fef1-4e08-b012-40bc8a13b50d	2c14b29e3a6f75fbb8bc1666155dd724306c46d392f3c294a17fc5c13412a299	\N	2026-03-18 00:05:39.105503+05:30	2026-03-25 00:05:39.104+05:30
31350b68-396f-45b2-9e2e-027f5eb29206	6c0e2c64-55f0-4d13-9bd4-e7becb605f0d	a3b14452baecee18613d4222f2b694ae7176b31e18e6ef9392953d90705475dd	2026-03-18 00:13:45.472356+05:30	2026-03-18 00:06:16.79283+05:30	2026-03-25 00:06:16.792+05:30
3556da2d-dbd3-4afe-82ac-063d7eea006d	6c0e2c64-55f0-4d13-9bd4-e7becb605f0d	189316ad9d4ccd2e711646df490317b6f8978b04a8ebbd98fd2467220d131cbd	2026-03-18 00:17:11.528896+05:30	2026-03-18 00:13:45.478429+05:30	2026-03-25 00:13:45.477+05:30
f2fda529-1674-4c9b-88bc-e6a213ecd56a	6c0e2c64-55f0-4d13-9bd4-e7becb605f0d	b19401f45bcbd521027577b23519cb11ccd40bf19d20bc6221bbf4908a002d93	\N	2026-03-18 00:17:11.543934+05:30	2026-03-25 00:17:11.542+05:30
05a35502-ab7c-4556-986a-f05a9bae9b97	6c0e2c64-55f0-4d13-9bd4-e7becb605f0d	87825a2d9d4109f5357aaf070f84308f5212a61e487ffdc06bc7645a0ce03c1b	2026-03-18 00:33:17.54533+05:30	2026-03-18 00:17:53.554141+05:30	2026-03-25 00:17:53.553+05:30
db6518b9-7d10-4882-8336-6dfb5e08da5b	6c0e2c64-55f0-4d13-9bd4-e7becb605f0d	00690806dd83239abc1d93a0194d205eccd46d8924d70d00a5fc35009073bcd4	2026-03-18 00:36:20.753131+05:30	2026-03-18 00:33:17.550177+05:30	2026-03-25 00:33:17.549+05:30
6d33dcb9-d4b5-4451-8f70-9c3e207c0b69	6c0e2c64-55f0-4d13-9bd4-e7becb605f0d	65503e32f740ff9d6f205156bedc4d55f02af33dd9664820b84e256305dc124f	\N	2026-03-18 00:36:20.758758+05:30	2026-03-25 00:36:20.757+05:30
75d79911-b300-43cf-b98f-f6a4edc8f976	6c0e2c64-55f0-4d13-9bd4-e7becb605f0d	9a4766fb6df6c77e7e4035116301e4b02afb3cc79b17d8cc8107d687d519a7dd	2026-03-18 00:54:19.557422+05:30	2026-03-18 00:50:37.313131+05:30	2026-03-25 00:50:37.311+05:30
32f453fd-10fc-4b68-9de8-8ff7e3e37927	6c0e2c64-55f0-4d13-9bd4-e7becb605f0d	677e23ee1bce64fe7dd46f5fd643f982ae75311581e7e9f39997e808562c70dd	2026-03-18 00:43:47.9787+05:30	2026-03-18 00:36:34.420249+05:30	2026-03-25 00:36:34.419+05:30
d13b50fe-865c-4b04-83f2-0ab1c3b929b8	6c0e2c64-55f0-4d13-9bd4-e7becb605f0d	c468d1f0eaf64f133cc8e9e1409aaa95a80a67cea715adeface16c8123a1a728	\N	2026-03-18 00:43:48.029778+05:30	2026-03-25 00:43:48.028+05:30
d89b4a3a-1f61-40ec-9bb4-f1cf07fd62f9	6c0e2c64-55f0-4d13-9bd4-e7becb605f0d	c468d1f0eaf64f133cc8e9e1409aaa95a80a67cea715adeface16c8123a1a728	2026-03-18 00:47:40.788302+05:30	2026-03-18 00:43:48.027132+05:30	2026-03-25 00:43:48.025+05:30
5e3cd410-d93a-4c9a-a8de-e1974c151fa6	6c0e2c64-55f0-4d13-9bd4-e7becb605f0d	9a4766fb6df6c77e7e4035116301e4b02afb3cc79b17d8cc8107d687d519a7dd	2026-03-18 00:54:19.671274+05:30	2026-03-18 00:50:37.43752+05:30	2026-03-25 00:50:37.437+05:30
24a57d64-42ad-46da-bea4-54b96f2435e8	6c0e2c64-55f0-4d13-9bd4-e7becb605f0d	6e4dec175ff79838684c2eaee1a5aaebc4b38edb3b8351e405bca1e54d3dd432	2026-03-18 00:55:56.528866+05:30	2026-03-18 00:54:19.563261+05:30	2026-03-25 00:54:19.561+05:30
2fe99fbf-ad10-444f-aaef-9564933c10e8	6c0e2c64-55f0-4d13-9bd4-e7becb605f0d	6e4dec175ff79838684c2eaee1a5aaebc4b38edb3b8351e405bca1e54d3dd432	2026-03-18 00:55:56.600066+05:30	2026-03-18 00:54:19.675162+05:30	2026-03-25 00:54:19.674+05:30
f4fed3fa-864b-4a29-8070-fe18978425a8	6c0e2c64-55f0-4d13-9bd4-e7becb605f0d	62593568a08ef81bdfb722f43bbc0612a36336c06452897d206f62b769355dca	\N	2026-03-18 00:55:56.636338+05:30	2026-03-25 00:55:56.631+05:30
f26983e7-d82e-43f4-8dcd-ff2acc9ea76f	6c0e2c64-55f0-4d13-9bd4-e7becb605f0d	62593568a08ef81bdfb722f43bbc0612a36336c06452897d206f62b769355dca	2026-03-18 01:07:46.230965+05:30	2026-03-18 00:55:56.537557+05:30	2026-03-25 00:55:56.535+05:30
ee47bf22-4dea-446f-81e2-3f2107df0402	6c0e2c64-55f0-4d13-9bd4-e7becb605f0d	47322cbf0d85ec8442993ce2901b0e02b77af3e432672daeb706be54bf925614	2026-03-18 01:34:54.189367+05:30	2026-03-18 01:34:49.444144+05:30	2026-03-25 01:34:49.442+05:30
2c5ccc67-31b3-42a1-8b8b-ab8f05382eac	6c0e2c64-55f0-4d13-9bd4-e7becb605f0d	4dce5491d7e577037997a836c7120c07899aeaec5403ed534bbf2d1af924fad2	2026-03-18 01:34:49.071624+05:30	2026-03-18 01:07:46.271589+05:30	2026-03-25 01:07:46.27+05:30
7ca72ee8-8a0f-4446-9971-ae88b0bb3b62	6c0e2c64-55f0-4d13-9bd4-e7becb605f0d	47322cbf0d85ec8442993ce2901b0e02b77af3e432672daeb706be54bf925614	\N	2026-03-18 01:34:49.456664+05:30	2026-03-25 01:34:49.455+05:30
4990c40f-abb7-4d00-93ba-aef5d8daaff7	6c0e2c64-55f0-4d13-9bd4-e7becb605f0d	47322cbf0d85ec8442993ce2901b0e02b77af3e432672daeb706be54bf925614	\N	2026-03-18 01:34:49.459341+05:30	2026-03-25 01:34:49.458+05:30
965adad3-c423-406f-8166-44216ee1c9f3	6c0e2c64-55f0-4d13-9bd4-e7becb605f0d	47322cbf0d85ec8442993ce2901b0e02b77af3e432672daeb706be54bf925614	\N	2026-03-18 01:34:49.461682+05:30	2026-03-25 01:34:49.46+05:30
69a929e8-f980-4623-8a74-2b3fa2a5a42f	6c0e2c64-55f0-4d13-9bd4-e7becb605f0d	f81a6065991753be02f8e19e37f53785f4ffd36b11a576abd3f9b177a9b5711d	2026-03-18 01:36:40.40051+05:30	2026-03-18 01:34:54.201208+05:30	2026-03-25 01:34:54.199+05:30
1c27d9b5-a28d-4cf6-b8bc-af0af8039448	6c0e2c64-55f0-4d13-9bd4-e7becb605f0d	f81a6065991753be02f8e19e37f53785f4ffd36b11a576abd3f9b177a9b5711d	2026-03-18 01:36:40.468313+05:30	2026-03-18 01:34:54.203791+05:30	2026-03-25 01:34:54.202+05:30
38b53a14-cd2a-4a0a-9d49-12a392a4bff4	6c0e2c64-55f0-4d13-9bd4-e7becb605f0d	61314756ad834915555ed71afea55690df5e6dbc5258c396ebd4d1310ec9852a	2026-03-18 01:36:40.79944+05:30	2026-03-18 01:36:40.413129+05:30	2026-03-25 01:36:40.411+05:30
9d5de222-4719-4b20-93b4-bf1f9be78dd4	6c0e2c64-55f0-4d13-9bd4-e7becb605f0d	61314756ad834915555ed71afea55690df5e6dbc5258c396ebd4d1310ec9852a	\N	2026-03-18 01:36:40.80347+05:30	2026-03-25 01:36:40.801+05:30
d942666d-8439-4f91-bbbb-193253ca94db	6c0e2c64-55f0-4d13-9bd4-e7becb605f0d	61314756ad834915555ed71afea55690df5e6dbc5258c396ebd4d1310ec9852a	\N	2026-03-18 01:36:40.807238+05:30	2026-03-25 01:36:40.805+05:30
32d3d8f7-4774-41f2-ba4c-34b9d7e5f00a	6c0e2c64-55f0-4d13-9bd4-e7becb605f0d	61314756ad834915555ed71afea55690df5e6dbc5258c396ebd4d1310ec9852a	2026-03-18 01:36:41.133698+05:30	2026-03-18 01:36:40.506438+05:30	2026-03-25 01:36:40.504+05:30
ea356677-7228-4486-9cab-dfa16540a701	6c0e2c64-55f0-4d13-9bd4-e7becb605f0d	3678b5414845110fb488f559994e0e5aaf24a34e446a5f8fb49c82297c9ce60f	2026-03-18 01:36:41.384262+05:30	2026-03-18 01:36:41.136152+05:30	2026-03-25 01:36:41.134+05:30
ed631d19-b3d0-4f78-87f1-aad355dd22ad	6c0e2c64-55f0-4d13-9bd4-e7becb605f0d	3678b5414845110fb488f559994e0e5aaf24a34e446a5f8fb49c82297c9ce60f	\N	2026-03-18 01:36:41.389039+05:30	2026-03-25 01:36:41.387+05:30
fcf2f232-09fd-4389-8067-5794b8683320	6c0e2c64-55f0-4d13-9bd4-e7becb605f0d	3678b5414845110fb488f559994e0e5aaf24a34e446a5f8fb49c82297c9ce60f	\N	2026-03-18 01:36:41.392863+05:30	2026-03-25 01:36:41.391+05:30
084420c0-48d3-4d6d-9532-cef94f6a922f	6c0e2c64-55f0-4d13-9bd4-e7becb605f0d	3678b5414845110fb488f559994e0e5aaf24a34e446a5f8fb49c82297c9ce60f	2026-03-18 01:36:42.129543+05:30	2026-03-18 01:36:41.138373+05:30	2026-03-25 01:36:41.137+05:30
4281af3b-6d70-4107-8e20-c19e7f96f104	6c0e2c64-55f0-4d13-9bd4-e7becb605f0d	0221410ee187ddd8b6889f65f35300f671663a0913a397474e251b09db4a6764	\N	2026-03-18 01:36:42.13574+05:30	2026-03-25 01:36:42.134+05:30
730a14e8-bcde-42b3-b7e0-5ecd880ff4e1	6c0e2c64-55f0-4d13-9bd4-e7becb605f0d	0221410ee187ddd8b6889f65f35300f671663a0913a397474e251b09db4a6764	2026-03-18 01:36:49.558374+05:30	2026-03-18 01:36:42.133488+05:30	2026-03-25 01:36:42.131+05:30
ba27f004-4f61-4689-8a00-e4adab310dbb	6c0e2c64-55f0-4d13-9bd4-e7becb605f0d	0c2a2c555c4bf4f619a90e730e8ad74938d42ba0e23a37e5aa9ce5dc9c511a47	2026-03-18 01:40:56.344247+05:30	2026-03-18 01:36:49.579418+05:30	2026-03-25 01:36:49.576+05:30
85f8ccf1-ba49-4b02-b9a8-011242d61e2c	6c0e2c64-55f0-4d13-9bd4-e7becb605f0d	0c2a2c555c4bf4f619a90e730e8ad74938d42ba0e23a37e5aa9ce5dc9c511a47	2026-03-18 01:40:56.351488+05:30	2026-03-18 01:36:49.593877+05:30	2026-03-25 01:36:49.591+05:30
b8e9fef1-f4ea-47c5-a56a-5e96fe4dce78	6c0e2c64-55f0-4d13-9bd4-e7becb605f0d	4c1c40bda71e5eb01cbf22d069d6600f946aa6c04e3f54a9996fb8e83de6c2fa	\N	2026-03-18 01:40:56.347877+05:30	2026-03-25 01:40:56.346+05:30
a8e7389a-555b-4866-a7fc-1d6ed0409ff2	6c0e2c64-55f0-4d13-9bd4-e7becb605f0d	4c1c40bda71e5eb01cbf22d069d6600f946aa6c04e3f54a9996fb8e83de6c2fa	\N	2026-03-18 01:40:56.369514+05:30	2026-03-25 01:40:56.368+05:30
dcf32e73-27ae-4ec9-b00f-225e7c18606b	6c0e2c64-55f0-4d13-9bd4-e7becb605f0d	5f8e8575ff2704a6419ceaba5d747601f1bc1a63c0b1f0739408a66d2d59e051	2026-03-18 01:49:02.187638+05:30	2026-03-18 01:41:27.777277+05:30	2026-03-25 01:41:27.773+05:30
6f63b70e-33e3-433a-a52c-8c07b0b7ed93	6c0e2c64-55f0-4d13-9bd4-e7becb605f0d	3ba8d589ca7987eb935c6f5662d28923eacc1b9374c2b5919ba26086ae6af58a	2026-03-18 01:49:02.378096+05:30	2026-03-18 01:49:02.1943+05:30	2026-03-25 01:49:02.192+05:30
76e6d950-18ae-4342-a4d0-4ede81411767	6c0e2c64-55f0-4d13-9bd4-e7becb605f0d	3ba8d589ca7987eb935c6f5662d28923eacc1b9374c2b5919ba26086ae6af58a	\N	2026-03-18 01:49:02.383444+05:30	2026-03-25 01:49:02.382+05:30
c9ed233a-249d-45f1-9496-9e71c7dde7b6	6c0e2c64-55f0-4d13-9bd4-e7becb605f0d	bcd7bd671e3e51be9f852338fdb3bf895422f3bab3e88d5e0645c89e71d68b91	2026-03-18 01:51:57.672143+05:30	2026-03-18 01:49:20.150679+05:30	2026-03-25 01:49:20.148+05:30
45db59cc-bf3b-4fb2-b568-e72ec8e2a323	6c0e2c64-55f0-4d13-9bd4-e7becb605f0d	ab18d263f535856a3a1daceea55bbd1518509f984c82745ceac7390b8040af58	\N	2026-03-18 01:51:57.681085+05:30	2026-03-25 01:51:57.678+05:30
a64f8bd9-e6bf-442f-814c-2d825d8e8ce0	6c0e2c64-55f0-4d13-9bd4-e7becb605f0d	d205e24974f7bb02ded6b776f6b059667e1c3667e20334bac7b48d598d9729aa	2026-03-21 23:17:02.293224+05:30	2026-03-21 22:58:45.005461+05:30	2026-03-28 22:58:45.003+05:30
2d5f2fc5-c60c-43c7-9694-535b789de540	6c0e2c64-55f0-4d13-9bd4-e7becb605f0d	936966ebcbb7643bd45622e62d5da1c353a73f43949d5f74e938346ee9a8216f	2026-03-18 02:05:50.707757+05:30	2026-03-18 01:52:39.51368+05:30	2026-03-25 01:52:39.513+05:30
a20ef9af-c97e-4227-b371-a10cf9f92021	6c0e2c64-55f0-4d13-9bd4-e7becb605f0d	014bd5c1ec4c50bb5f3c39443821b8735bccd3da30dc112c54b9ec4317004be8	\N	2026-03-18 02:05:50.742138+05:30	2026-03-25 02:05:50.74+05:30
2ec4b907-c4af-452a-9505-20b924f5b7bf	6c0e2c64-55f0-4d13-9bd4-e7becb605f0d	98a27235cf241ff7b08ff7d71be7f1d82c3456b011ea8d7fca06fc2c2819c9c9	2026-03-21 20:06:27.337659+05:30	2026-03-19 02:02:14.933647+05:30	2026-03-26 02:02:14.932+05:30
ede217a9-d202-4f57-aea5-a94967cbb62f	6c0e2c64-55f0-4d13-9bd4-e7becb605f0d	014bd5c1ec4c50bb5f3c39443821b8735bccd3da30dc112c54b9ec4317004be8	2026-03-18 02:13:43.000583+05:30	2026-03-18 02:05:50.738787+05:30	2026-03-25 02:05:50.735+05:30
17301fd1-566a-4a13-beb8-13b7288fd6cb	6c0e2c64-55f0-4d13-9bd4-e7becb605f0d	f553df4d23009a2da3dc3db5d6a375af6934f45c2d82b37f2ba6f5d770460f06	\N	2026-03-18 02:13:43.017809+05:30	2026-03-25 02:13:43.017+05:30
0dd5d3a7-83fe-4d56-a2e0-46809e03510e	6c0e2c64-55f0-4d13-9bd4-e7becb605f0d	1349fdd2a8830002e79c512c2ae06674a5de82515962b8f6675ba23736d9ca2e	\N	2026-03-21 20:06:27.695717+05:30	2026-03-28 20:06:27.694+05:30
510ef8b6-6b67-4c59-8e1d-0d67e41dd36d	6c0e2c64-55f0-4d13-9bd4-e7becb605f0d	f553df4d23009a2da3dc3db5d6a375af6934f45c2d82b37f2ba6f5d770460f06	2026-03-18 02:18:07.390331+05:30	2026-03-18 02:13:43.014324+05:30	2026-03-25 02:13:43.013+05:30
4a150ad8-f287-45b9-993d-d2bdedb96a14	6c0e2c64-55f0-4d13-9bd4-e7becb605f0d	b46de14de0bdfcad02efde21bc60be62a712d888a9e1dab9b35f4a7a9be292b1	2026-03-18 02:18:52.136387+05:30	2026-03-18 02:18:07.414023+05:30	2026-03-25 02:18:07.412+05:30
57e70f49-720b-4dfe-bf4d-5eddd498b22e	6c0e2c64-55f0-4d13-9bd4-e7becb605f0d	b46de14de0bdfcad02efde21bc60be62a712d888a9e1dab9b35f4a7a9be292b1	2026-03-18 02:18:52.237499+05:30	2026-03-18 02:18:07.416907+05:30	2026-03-25 02:18:07.416+05:30
9980b74a-4256-4584-8cd6-589795af7d39	6c0e2c64-55f0-4d13-9bd4-e7becb605f0d	0a1c432caff64c69b36d90f14b9612b6e9ded8720254bb415de17a3e6cd8025d	\N	2026-03-18 02:18:52.248259+05:30	2026-03-25 02:18:52.247+05:30
a7b96c8a-8190-4e8e-8c1e-60934e292045	6c0e2c64-55f0-4d13-9bd4-e7becb605f0d	0a1c432caff64c69b36d90f14b9612b6e9ded8720254bb415de17a3e6cd8025d	2026-03-18 02:19:40.453051+05:30	2026-03-18 02:18:52.143111+05:30	2026-03-25 02:18:52.141+05:30
ea025d4f-5b1f-402d-b178-dba3086cb30e	6c0e2c64-55f0-4d13-9bd4-e7becb605f0d	2f26640225911f022f6d7603588222717ac18cb70461ce10f6f1b2f8c8189898	\N	2026-03-18 02:19:40.533754+05:30	2026-03-25 02:19:40.53+05:30
5129d974-b619-4ff0-87ca-4502a58bcd68	6c0e2c64-55f0-4d13-9bd4-e7becb605f0d	1349fdd2a8830002e79c512c2ae06674a5de82515962b8f6675ba23736d9ca2e	2026-03-21 20:23:23.111469+05:30	2026-03-21 20:06:27.685033+05:30	2026-03-28 20:06:27.682+05:30
c761bc80-091b-415f-ae95-d5a10b7e7531	6c0e2c64-55f0-4d13-9bd4-e7becb605f0d	2f26640225911f022f6d7603588222717ac18cb70461ce10f6f1b2f8c8189898	2026-03-18 22:40:43.917303+05:30	2026-03-18 02:19:40.48678+05:30	2026-03-25 02:19:40.484+05:30
6e915dc6-e5f4-42c6-9e03-5985468083a7	6c0e2c64-55f0-4d13-9bd4-e7becb605f0d	c8aa047c749cad1167c7e9a0b71cc9c96e7c1f568889c34fd87e4f8e7ea36bf6	\N	2026-03-18 22:40:44.573959+05:30	2026-03-25 22:40:44.572+05:30
b11104ba-0a2d-4df1-873c-bcb7688ccf00	6c0e2c64-55f0-4d13-9bd4-e7becb605f0d	c8aa047c749cad1167c7e9a0b71cc9c96e7c1f568889c34fd87e4f8e7ea36bf6	2026-03-18 22:56:55.129132+05:30	2026-03-18 22:40:44.58091+05:30	2026-03-25 22:40:44.58+05:30
d078322f-6012-48a3-8f4c-eff358a4ac1d	6c0e2c64-55f0-4d13-9bd4-e7becb605f0d	ebb3912eb33d9c08be403a55ac7d2074ec843470e64200312cdeec297020ce4f	\N	2026-03-18 22:56:55.293956+05:30	2026-03-25 22:56:55.292+05:30
edee1eed-4b38-4606-a3d0-d4f443248293	6c0e2c64-55f0-4d13-9bd4-e7becb605f0d	ebb3912eb33d9c08be403a55ac7d2074ec843470e64200312cdeec297020ce4f	2026-03-18 23:12:07.442051+05:30	2026-03-18 22:56:55.296372+05:30	2026-03-25 22:56:55.295+05:30
ffc95eb8-7689-4231-92d9-3c5d1b33d86b	6c0e2c64-55f0-4d13-9bd4-e7becb605f0d	799368f19b517af2b04ed2159e0450129dd5c1577b38bc9803369b4583e19dd7	2026-03-21 22:55:10.061377+05:30	2026-03-21 22:51:21.01181+05:30	2026-03-28 22:51:21.01+05:30
d85d9fb2-3f61-437c-987c-c1dd2c6f0d9e	6c0e2c64-55f0-4d13-9bd4-e7becb605f0d	e67f0140248d7b5acc993def6aa30907f1d05ad44cfb70882c2694bd24ad29aa	2026-03-19 02:02:14.900015+05:30	2026-03-18 23:12:07.478495+05:30	2026-03-25 23:12:07.477+05:30
d202b10e-22da-4142-9314-417a5ec6cb1c	6c0e2c64-55f0-4d13-9bd4-e7becb605f0d	98a27235cf241ff7b08ff7d71be7f1d82c3456b011ea8d7fca06fc2c2819c9c9	\N	2026-03-19 02:02:14.936164+05:30	2026-03-26 02:02:14.935+05:30
cc8a05a6-1fa9-455d-bd77-edacf0572a89	6c0e2c64-55f0-4d13-9bd4-e7becb605f0d	28b6dd6efd860327afff1ed272fdd43ffc656c690d29b2403f47871c010f230c	2026-03-21 20:24:32.41555+05:30	2026-03-21 20:23:23.277119+05:30	2026-03-28 20:23:23.275+05:30
a94da962-32d1-4ece-8bf2-0a66362ebf71	6c0e2c64-55f0-4d13-9bd4-e7becb605f0d	4ad9363c240532779f6e926a780ac0ef7cf79ecfd148e2d0610b37fe6fa8f32f	\N	2026-03-21 20:24:32.828055+05:30	2026-03-28 20:24:32.827+05:30
29311558-5f5c-4e0b-bf64-e1b9ecf37b80	6c0e2c64-55f0-4d13-9bd4-e7becb605f0d	4ad9363c240532779f6e926a780ac0ef7cf79ecfd148e2d0610b37fe6fa8f32f	2026-03-21 20:24:47.433277+05:30	2026-03-21 20:24:32.780974+05:30	2026-03-28 20:24:32.78+05:30
7914b510-6e1f-4bd9-a058-c5a0504b6b5d	6c0e2c64-55f0-4d13-9bd4-e7becb605f0d	d44acaf8919372ba199f6a21cda91f83df3f61fdcfbb50bc50fae2802e4a88f5	\N	2026-03-21 20:24:47.852978+05:30	2026-03-28 20:24:47.852+05:30
72e449b3-26d9-489b-a87f-51b447166b18	6c0e2c64-55f0-4d13-9bd4-e7becb605f0d	d44acaf8919372ba199f6a21cda91f83df3f61fdcfbb50bc50fae2802e4a88f5	2026-03-21 20:32:08.112517+05:30	2026-03-21 20:24:47.477133+05:30	2026-03-28 20:24:47.476+05:30
c3e4bafd-d069-4ad9-93fa-4b155dea333a	6c0e2c64-55f0-4d13-9bd4-e7becb605f0d	359035bb9d6f007504015f60135676f54893460dff2c10019f3f8e3962a4cbc3	\N	2026-03-21 20:32:08.141905+05:30	2026-03-28 20:32:08.14+05:30
80a03f49-7c9e-4127-a72e-1c7612b524d6	6c0e2c64-55f0-4d13-9bd4-e7becb605f0d	b89d6abb11882817fe87cdb9019271856c89bf304490d858d3619b69161c3d42	2026-03-21 22:58:44.880173+05:30	2026-03-21 22:55:10.109586+05:30	2026-03-28 22:55:10.108+05:30
c12e7c61-7a38-4caa-8217-e063c6c73782	6c0e2c64-55f0-4d13-9bd4-e7becb605f0d	359035bb9d6f007504015f60135676f54893460dff2c10019f3f8e3962a4cbc3	2026-03-21 22:51:20.889713+05:30	2026-03-21 20:32:08.139492+05:30	2026-03-28 20:32:08.138+05:30
05f9dfcc-2ee6-4f02-bed6-4dd97c474803	6c0e2c64-55f0-4d13-9bd4-e7becb605f0d	799368f19b517af2b04ed2159e0450129dd5c1577b38bc9803369b4583e19dd7	\N	2026-03-21 22:51:21.014296+05:30	2026-03-28 22:51:21.012+05:30
a18a058a-5843-437f-bdb9-c1db1414a60d	6c0e2c64-55f0-4d13-9bd4-e7becb605f0d	76143d23dcc5ebba19a9c7f9f07de14e475f611915180249214977280774e6e4	\N	2026-03-21 22:58:44.886153+05:30	2026-03-28 22:58:44.884+05:30
4f57b636-d2c2-4e2d-97ae-9cf934d3a26a	6c0e2c64-55f0-4d13-9bd4-e7becb605f0d	b89d6abb11882817fe87cdb9019271856c89bf304490d858d3619b69161c3d42	2026-03-21 22:58:44.950557+05:30	2026-03-21 22:55:10.112032+05:30	2026-03-28 22:55:10.11+05:30
691a619a-ce21-408d-8cad-cabbf159ca05	6c0e2c64-55f0-4d13-9bd4-e7becb605f0d	0dfd905e6567eb8bb3193bbcd16bd426f8dceac922c1f9235847c0fbf4431116	2026-03-21 23:44:51.107008+05:30	2026-03-21 23:40:43.656632+05:30	2026-03-28 23:40:43.654+05:30
55cab59e-ed99-47d1-a2e6-4792cd0e56ef	6c0e2c64-55f0-4d13-9bd4-e7becb605f0d	03b7bf6dd2a58b2d06975a59786c4a023978b1d28335b0a6cef55f0143154dcf	\N	2026-03-21 23:27:44.170494+05:30	2026-03-28 23:27:44.168+05:30
8f38a2df-3270-438c-aacd-b50b29bf7ad9	6c0e2c64-55f0-4d13-9bd4-e7becb605f0d	6ebad5dfcf47374ebc5f007a9023f7310181281d7be02d0bf6693a997b870b73	2026-03-21 23:27:44.106721+05:30	2026-03-21 23:17:02.32932+05:30	2026-03-28 23:17:02.327+05:30
e81969cc-cfc7-483c-90bf-a0f550d74b4d	6c0e2c64-55f0-4d13-9bd4-e7becb605f0d	03b7bf6dd2a58b2d06975a59786c4a023978b1d28335b0a6cef55f0143154dcf	\N	2026-03-21 23:27:44.236128+05:30	2026-03-28 23:27:44.234+05:30
158c315e-a9d8-4bab-a3be-a7bddd57f250	6c0e2c64-55f0-4d13-9bd4-e7becb605f0d	61158db8d8f147b635d649f5c0f2259ee663964f218b580dbb70de3a964a93d4	\N	2026-03-21 23:44:51.140395+05:30	2026-03-28 23:44:51.139+05:30
03a17d54-e8ba-415c-935a-54ad2d09c463	6c0e2c64-55f0-4d13-9bd4-e7becb605f0d	faccb8ba616aeeb002d4d814fe7a7694d97feb489308c5fbf82551f2ea3151ae	2026-03-21 23:46:42.115379+05:30	2026-03-21 23:45:10.457916+05:30	2026-03-28 23:45:10.457+05:30
05e6997a-769e-4a66-bba2-88bc8ff19efd	6c0e2c64-55f0-4d13-9bd4-e7becb605f0d	b83edbe9f0f8818c740b3da27cb420c885c0558feb5b1104202bd6c3ff2929e4	2026-03-21 23:46:42.961525+05:30	2026-03-21 23:46:42.125096+05:30	2026-03-28 23:46:42.123+05:30
d45ddcfa-09c2-4a6f-bc8a-700d1e0676bc	6c0e2c64-55f0-4d13-9bd4-e7becb605f0d	b83edbe9f0f8818c740b3da27cb420c885c0558feb5b1104202bd6c3ff2929e4	2026-03-21 23:49:18.730888+05:30	2026-03-21 23:46:42.995051+05:30	2026-03-28 23:46:42.993+05:30
f194b238-057d-491d-b35a-d406efc10b99	6c0e2c64-55f0-4d13-9bd4-e7becb605f0d	a4eb21045d3a0fe61a97818f1e54d3fb6acf5fb59a6aa55b0023baff41d508df	\N	2026-03-21 23:49:18.873879+05:30	2026-03-28 23:49:18.873+05:30
6fa9103d-10ea-44d7-914a-d7583f64d2be	6c0e2c64-55f0-4d13-9bd4-e7becb605f0d	a4eb21045d3a0fe61a97818f1e54d3fb6acf5fb59a6aa55b0023baff41d508df	2026-03-22 00:09:06.053998+05:30	2026-03-21 23:49:18.772234+05:30	2026-03-28 23:49:18.771+05:30
94dd24f1-fa4e-483d-8475-f9fff57df5bd	6c0e2c64-55f0-4d13-9bd4-e7becb605f0d	051f235980c455909c2701c51a5d1a17fb328abfcf6fd5157083ed2151407504	2026-03-22 00:10:32.705471+05:30	2026-03-22 00:09:06.079973+05:30	2026-03-29 00:09:06.079+05:30
3d976cb9-1394-4f61-936f-05f522d14e2d	6c0e2c64-55f0-4d13-9bd4-e7becb605f0d	3aa2e8a7a9666a904b32c01e9ffccb6ad87f5f8db82dd80840f8f0f2a71bab43	2026-03-22 00:15:58.25204+05:30	2026-03-22 00:10:32.869304+05:30	2026-03-29 00:10:32.867+05:30
f89494db-7c42-4d22-8ff6-1c8c658309ee	6c0e2c64-55f0-4d13-9bd4-e7becb605f0d	3aa2e8a7a9666a904b32c01e9ffccb6ad87f5f8db82dd80840f8f0f2a71bab43	2026-03-22 00:15:58.326765+05:30	2026-03-22 00:10:32.871902+05:30	2026-03-29 00:10:32.87+05:30
853d0855-406f-48ed-aaac-adf1c6ba2483	6c0e2c64-55f0-4d13-9bd4-e7becb605f0d	2a7774f2e49c9dfd298be94088f59409c12f503fb318a3420d657328b2d87ad9	\N	2026-03-22 00:15:58.332466+05:30	2026-03-29 00:15:58.331+05:30
75a746b0-0fe7-4c44-93e0-ed9e5651cbc1	6c0e2c64-55f0-4d13-9bd4-e7becb605f0d	2a7774f2e49c9dfd298be94088f59409c12f503fb318a3420d657328b2d87ad9	2026-03-22 00:16:23.88661+05:30	2026-03-22 00:15:58.255283+05:30	2026-03-29 00:15:58.254+05:30
d9504d93-a8e6-4511-890f-bfee5624b38b	6c0e2c64-55f0-4d13-9bd4-e7becb605f0d	4ead0c298400554c00c4364189db7c4e5ed5b40b70132262f5eda3494baaa088	\N	2026-03-22 00:16:23.903359+05:30	2026-03-29 00:16:23.902+05:30
a6c0f350-a843-4d63-872a-10713d9cefd0	6c0e2c64-55f0-4d13-9bd4-e7becb605f0d	4ead0c298400554c00c4364189db7c4e5ed5b40b70132262f5eda3494baaa088	\N	2026-03-22 00:16:23.923541+05:30	2026-03-29 00:16:23.922+05:30
187775d0-0f39-4f0e-b885-58ff03534406	52a2a064-fef1-4e08-b012-40bc8a13b50d	99396a7980736cdacab6b4d34ab6d960fe0ffe67f0c11e1287c255961c41c4eb	2026-03-22 00:24:35.553944+05:30	2026-03-22 00:16:51.309914+05:30	2026-03-29 00:16:51.309+05:30
b06cfacb-6269-4659-903a-cf4742d3b810	52a2a064-fef1-4e08-b012-40bc8a13b50d	a82509a239e84affe1ce96134b9517297de251b558544731b70727f599e07e08	2026-03-22 00:31:07.394841+05:30	2026-03-22 00:24:35.557812+05:30	2026-03-29 00:24:35.557+05:30
f3d2fdd4-fedc-43c2-a8f1-0bffc9c1030a	52a2a064-fef1-4e08-b012-40bc8a13b50d	ecfc0e16059f42324cfcdae52db6d7508bff45774d2dc351debd58b50456a207	\N	2026-03-22 00:31:07.408784+05:30	2026-03-29 00:31:07.408+05:30
\.


--
-- TOC entry 4976 (class 0 OID 103999)
-- Dependencies: 223
-- Data for Name: staff_profiles; Type: TABLE DATA; Schema: public; Owner: postgres
--

COPY public.staff_profiles (id, name, email, phone, role, is_active, created_by, created_at, updated_at) FROM stdin;
74cf19a5-390b-4b01-bfe7-e6009e30389c	siddhant	siddhant@gmail.com	7666278348	staff	f	6c0e2c64-55f0-4d13-9bd4-e7becb605f0d	2026-03-17 02:38:40.506028+05:30	2026-03-17 02:47:38.161665+05:30
fe4f29ba-504b-45df-b479-561e81377238	Siddhant Vinod Sonawane	siddhant1@gmail.com	07666278348	staff	t	6c0e2c64-55f0-4d13-9bd4-e7becb605f0d	2026-03-17 02:50:45.430949+05:30	2026-03-17 02:50:45.430949+05:30
57232906-3a67-4a5e-acaa-71c715c20d23	karry	karry@gmail.com	3158107061	staff	t	6c0e2c64-55f0-4d13-9bd4-e7becb605f0d	2026-03-17 02:51:56.771537+05:30	2026-03-17 02:51:56.771537+05:30
\.


--
-- TOC entry 4971 (class 0 OID 95831)
-- Dependencies: 218
-- Data for Name: users; Type: TABLE DATA; Schema: public; Owner: postgres
--

COPY public.users (id, name, email, password, role, created_by, is_active, created_at, updated_at, current_staff_id) FROM stdin;
6c0e2c64-55f0-4d13-9bd4-e7becb605f0d	Admin	admin@nails.com	$2b$12$rnIR9EVzBNtTnqPSAGUpC.vsAtw7T0stOxmnV8gchTA7JDSHZYNWe	admin	\N	t	2026-03-11 14:00:22.493015+05:30	2026-03-11 14:00:22.493015+05:30	\N
52a2a064-fef1-4e08-b012-40bc8a13b50d	karan	karan@gmail.com	$2b$12$nlbXCa1wI./hMlthz.22V.kMUjQoQpPeJ9MXVdKyY8PxtUS9J44UK	staff	6c0e2c64-55f0-4d13-9bd4-e7becb605f0d	t	2026-03-11 15:25:03.847076+05:30	2026-03-18 00:05:06.397639+05:30	fe4f29ba-504b-45df-b479-561e81377238
\.


--
-- TOC entry 4805 (class 2606 OID 95903)
-- Name: activity_logs activity_logs_pkey; Type: CONSTRAINT; Schema: public; Owner: postgres
--

ALTER TABLE ONLY public.activity_logs
    ADD CONSTRAINT activity_logs_pkey PRIMARY KEY (id);


--
-- TOC entry 4788 (class 2606 OID 95863)
-- Name: appointments appointments_pkey; Type: CONSTRAINT; Schema: public; Owner: postgres
--

ALTER TABLE ONLY public.appointments
    ADD CONSTRAINT appointments_pkey PRIMARY KEY (id);


--
-- TOC entry 4794 (class 2606 OID 95882)
-- Name: completed_works completed_works_appointment_id_key; Type: CONSTRAINT; Schema: public; Owner: postgres
--

ALTER TABLE ONLY public.completed_works
    ADD CONSTRAINT completed_works_appointment_id_key UNIQUE (appointment_id);


--
-- TOC entry 4796 (class 2606 OID 95880)
-- Name: completed_works completed_works_pkey; Type: CONSTRAINT; Schema: public; Owner: postgres
--

ALTER TABLE ONLY public.completed_works
    ADD CONSTRAINT completed_works_pkey PRIMARY KEY (id);


--
-- TOC entry 4811 (class 2606 OID 95919)
-- Name: refresh_tokens refresh_tokens_pkey; Type: CONSTRAINT; Schema: public; Owner: postgres
--

ALTER TABLE ONLY public.refresh_tokens
    ADD CONSTRAINT refresh_tokens_pkey PRIMARY KEY (id);


--
-- TOC entry 4815 (class 2606 OID 104012)
-- Name: staff_profiles staff_profiles_email_key; Type: CONSTRAINT; Schema: public; Owner: postgres
--

ALTER TABLE ONLY public.staff_profiles
    ADD CONSTRAINT staff_profiles_email_key UNIQUE (email);


--
-- TOC entry 4817 (class 2606 OID 104010)
-- Name: staff_profiles staff_profiles_pkey; Type: CONSTRAINT; Schema: public; Owner: postgres
--

ALTER TABLE ONLY public.staff_profiles
    ADD CONSTRAINT staff_profiles_pkey PRIMARY KEY (id);


--
-- TOC entry 4784 (class 2606 OID 95844)
-- Name: users users_email_key; Type: CONSTRAINT; Schema: public; Owner: postgres
--

ALTER TABLE ONLY public.users
    ADD CONSTRAINT users_email_key UNIQUE (email);


--
-- TOC entry 4786 (class 2606 OID 95842)
-- Name: users users_pkey; Type: CONSTRAINT; Schema: public; Owner: postgres
--

ALTER TABLE ONLY public.users
    ADD CONSTRAINT users_pkey PRIMARY KEY (id);


--
-- TOC entry 4806 (class 1259 OID 95910)
-- Name: idx_activity_logs_created_at; Type: INDEX; Schema: public; Owner: postgres
--

CREATE INDEX idx_activity_logs_created_at ON public.activity_logs USING btree (created_at);


--
-- TOC entry 4807 (class 1259 OID 95909)
-- Name: idx_activity_logs_user_id; Type: INDEX; Schema: public; Owner: postgres
--

CREATE INDEX idx_activity_logs_user_id ON public.activity_logs USING btree (user_id);


--
-- TOC entry 4789 (class 1259 OID 95869)
-- Name: idx_appointments_created_by; Type: INDEX; Schema: public; Owner: postgres
--

CREATE INDEX idx_appointments_created_by ON public.appointments USING btree (created_by);


--
-- TOC entry 4790 (class 1259 OID 104028)
-- Name: idx_appointments_created_by_name; Type: INDEX; Schema: public; Owner: postgres
--

CREATE INDEX idx_appointments_created_by_name ON public.appointments USING btree (created_by_name);


--
-- TOC entry 4791 (class 1259 OID 95871)
-- Name: idx_appointments_date; Type: INDEX; Schema: public; Owner: postgres
--

CREATE INDEX idx_appointments_date ON public.appointments USING btree (appointment_date);


--
-- TOC entry 4792 (class 1259 OID 95870)
-- Name: idx_appointments_status; Type: INDEX; Schema: public; Owner: postgres
--

CREATE INDEX idx_appointments_status ON public.appointments USING btree (status);


--
-- TOC entry 4797 (class 1259 OID 103991)
-- Name: idx_completed_works_amount; Type: INDEX; Schema: public; Owner: postgres
--

CREATE INDEX idx_completed_works_amount ON public.completed_works USING btree (amount);


--
-- TOC entry 4798 (class 1259 OID 95894)
-- Name: idx_completed_works_created_at; Type: INDEX; Schema: public; Owner: postgres
--

CREATE INDEX idx_completed_works_created_at ON public.completed_works USING btree (created_at);


--
-- TOC entry 4799 (class 1259 OID 103998)
-- Name: idx_completed_works_discount_amount; Type: INDEX; Schema: public; Owner: postgres
--

CREATE INDEX idx_completed_works_discount_amount ON public.completed_works USING btree (discount_amount);


--
-- TOC entry 4800 (class 1259 OID 103997)
-- Name: idx_completed_works_discount_percentage; Type: INDEX; Schema: public; Owner: postgres
--

CREATE INDEX idx_completed_works_discount_percentage ON public.completed_works USING btree (discount_percentage);


--
-- TOC entry 4801 (class 1259 OID 103990)
-- Name: idx_completed_works_total; Type: INDEX; Schema: public; Owner: postgres
--

CREATE INDEX idx_completed_works_total ON public.completed_works USING btree (total);


--
-- TOC entry 4802 (class 1259 OID 95893)
-- Name: idx_completed_works_uploaded_by; Type: INDEX; Schema: public; Owner: postgres
--

CREATE INDEX idx_completed_works_uploaded_by ON public.completed_works USING btree (uploaded_by);


--
-- TOC entry 4803 (class 1259 OID 104029)
-- Name: idx_completed_works_uploaded_by_name; Type: INDEX; Schema: public; Owner: postgres
--

CREATE INDEX idx_completed_works_uploaded_by_name ON public.completed_works USING btree (uploaded_by_name);


--
-- TOC entry 4808 (class 1259 OID 95926)
-- Name: idx_refresh_tokens_expires_at; Type: INDEX; Schema: public; Owner: postgres
--

CREATE INDEX idx_refresh_tokens_expires_at ON public.refresh_tokens USING btree (expires_at);


--
-- TOC entry 4809 (class 1259 OID 95925)
-- Name: idx_refresh_tokens_user_id; Type: INDEX; Schema: public; Owner: postgres
--

CREATE INDEX idx_refresh_tokens_user_id ON public.refresh_tokens USING btree (user_id);


--
-- TOC entry 4812 (class 1259 OID 104018)
-- Name: idx_staff_profiles_active; Type: INDEX; Schema: public; Owner: postgres
--

CREATE INDEX idx_staff_profiles_active ON public.staff_profiles USING btree (is_active);


--
-- TOC entry 4813 (class 1259 OID 104019)
-- Name: idx_staff_profiles_created_by; Type: INDEX; Schema: public; Owner: postgres
--

CREATE INDEX idx_staff_profiles_created_by ON public.staff_profiles USING btree (created_by);


--
-- TOC entry 4780 (class 1259 OID 104025)
-- Name: idx_users_current_staff; Type: INDEX; Schema: public; Owner: postgres
--

CREATE INDEX idx_users_current_staff ON public.users USING btree (current_staff_id);


--
-- TOC entry 4781 (class 1259 OID 95851)
-- Name: idx_users_is_active; Type: INDEX; Schema: public; Owner: postgres
--

CREATE INDEX idx_users_is_active ON public.users USING btree (is_active);


--
-- TOC entry 4782 (class 1259 OID 95850)
-- Name: idx_users_role; Type: INDEX; Schema: public; Owner: postgres
--

CREATE INDEX idx_users_role ON public.users USING btree (role);


--
-- TOC entry 4823 (class 2606 OID 95904)
-- Name: activity_logs activity_logs_user_id_fkey; Type: FK CONSTRAINT; Schema: public; Owner: postgres
--

ALTER TABLE ONLY public.activity_logs
    ADD CONSTRAINT activity_logs_user_id_fkey FOREIGN KEY (user_id) REFERENCES public.users(id);


--
-- TOC entry 4820 (class 2606 OID 95864)
-- Name: appointments appointments_created_by_fkey; Type: FK CONSTRAINT; Schema: public; Owner: postgres
--

ALTER TABLE ONLY public.appointments
    ADD CONSTRAINT appointments_created_by_fkey FOREIGN KEY (created_by) REFERENCES public.users(id);


--
-- TOC entry 4821 (class 2606 OID 95883)
-- Name: completed_works completed_works_appointment_id_fkey; Type: FK CONSTRAINT; Schema: public; Owner: postgres
--

ALTER TABLE ONLY public.completed_works
    ADD CONSTRAINT completed_works_appointment_id_fkey FOREIGN KEY (appointment_id) REFERENCES public.appointments(id);


--
-- TOC entry 4822 (class 2606 OID 95888)
-- Name: completed_works completed_works_uploaded_by_fkey; Type: FK CONSTRAINT; Schema: public; Owner: postgres
--

ALTER TABLE ONLY public.completed_works
    ADD CONSTRAINT completed_works_uploaded_by_fkey FOREIGN KEY (uploaded_by) REFERENCES public.users(id);


--
-- TOC entry 4824 (class 2606 OID 95920)
-- Name: refresh_tokens refresh_tokens_user_id_fkey; Type: FK CONSTRAINT; Schema: public; Owner: postgres
--

ALTER TABLE ONLY public.refresh_tokens
    ADD CONSTRAINT refresh_tokens_user_id_fkey FOREIGN KEY (user_id) REFERENCES public.users(id) ON DELETE CASCADE;


--
-- TOC entry 4825 (class 2606 OID 104013)
-- Name: staff_profiles staff_profiles_created_by_fkey; Type: FK CONSTRAINT; Schema: public; Owner: postgres
--

ALTER TABLE ONLY public.staff_profiles
    ADD CONSTRAINT staff_profiles_created_by_fkey FOREIGN KEY (created_by) REFERENCES public.users(id);


--
-- TOC entry 4818 (class 2606 OID 95845)
-- Name: users users_created_by_fkey; Type: FK CONSTRAINT; Schema: public; Owner: postgres
--

ALTER TABLE ONLY public.users
    ADD CONSTRAINT users_created_by_fkey FOREIGN KEY (created_by) REFERENCES public.users(id);


--
-- TOC entry 4819 (class 2606 OID 104020)
-- Name: users users_current_staff_id_fkey; Type: FK CONSTRAINT; Schema: public; Owner: postgres
--

ALTER TABLE ONLY public.users
    ADD CONSTRAINT users_current_staff_id_fkey FOREIGN KEY (current_staff_id) REFERENCES public.staff_profiles(id);


-- Completed on 2026-03-22 17:48:17

--
-- PostgreSQL database dump complete
--

